Step,AgentID,Steps to fire up
71,"(0, 0)",0
71,"(0, 1)",0
71,"(0, 2)",0
71,"(0, 4)",0
71,"(0, 5)",0
71,"(0, 6)",0
71,"(0, 9)",0
71,"(0, 10)",0
71,"(0, 11)",0
71,"(0, 12)",0
71,"(0, 13)",0
71,"(0, 14)",0
71,"(0, 16)",0
71,"(0, 17)",0
71,"(0, 18)",0
71,"(0, 21)",0
71,"(0, 24)",0
71,"(0, 32)",0
71,"(0, 35)",0
71,"(0, 37)",0
71,"(0, 38)",0
71,"(0, 39)",0
71,"(0, 40)",0
71,"(0, 41)",0
71,"(0, 43)",0
71,"(0, 45)",0
71,"(0, 47)",0
71,"(0, 49)",0
71,"(0, 50)",0
71,"(0, 57)",0
71,"(0, 58)",0
71,"(0, 59)",0
71,"(0, 61)",0
71,"(0, 62)",0
71,"(0, 64)",0
71,"(0, 66)",0
71,"(0, 68)",0
71,"(0, 72)",0
71,"(0, 74)",0
71,"(0, 76)",0
71,"(0, 78)",0
71,"(0, 81)",0
71,"(0, 82)",0
71,"(0, 83)",0
71,"(0, 84)",0
71,"(0, 86)",0
71,"(0, 90)",0
71,"(0, 91)",0
71,"(0, 93)",0
71,"(0, 94)",0
71,"(0, 95)",0
71,"(0, 97)",0
71,"(1, 0)",1
71,"(1, 1)",1
71,"(1, 2)",1
71,"(1, 5)",1
71,"(1, 7)",1
71,"(1, 12)",1
71,"(1, 14)",1
71,"(1, 15)",1
71,"(1, 18)",1
71,"(1, 20)",1
71,"(1, 21)",1
71,"(1, 22)",1
71,"(1, 23)",1
71,"(1, 26)",3
71,"(1, 28)",-1
71,"(1, 30)",2
71,"(1, 31)",1
71,"(1, 32)",1
71,"(1, 34)",2
71,"(1, 35)",1
71,"(1, 37)",1
71,"(1, 38)",1
71,"(1, 39)",1
71,"(1, 40)",1
71,"(1, 41)",1
71,"(1, 43)",1
71,"(1, 44)",1
71,"(1, 46)",1
71,"(1, 52)",6
71,"(1, 53)",6
71,"(1, 57)",1
71,"(1, 58)",1
71,"(1, 61)",1
71,"(1, 62)",1
71,"(1, 65)",2
71,"(1, 66)",1
71,"(1, 67)",1
71,"(1, 69)",1
71,"(1, 70)",1
71,"(1, 71)",1
71,"(1, 72)",1
71,"(1, 73)",1
71,"(1, 77)",1
71,"(1, 78)",1
71,"(1, 79)",1
71,"(1, 80)",1
71,"(1, 81)",1
71,"(1, 83)",1
71,"(1, 84)",1
71,"(1, 85)",1
71,"(1, 86)",1
71,"(1, 89)",1
71,"(1, 90)",1
71,"(1, 91)",1
71,"(1, 92)",-1
71,"(1, 99)",-1
71,"(2, 7)",2
71,"(2, 9)",2
71,"(2, 10)",2
71,"(2, 11)",1
71,"(2, 15)",1
71,"(2, 18)",2
71,"(2, 19)",1
71,"(2, 22)",1
71,"(2, 23)",1
71,"(2, 25)",2
71,"(2, 26)",3
71,"(2, 28)",-1
71,"(2, 33)",3
71,"(2, 35)",2
71,"(2, 36)",1
71,"(2, 37)",1
71,"(2, 39)",1
71,"(2, 40)",1
71,"(2, 43)",1
71,"(2, 44)",1
71,"(2, 45)",1
71,"(2, 46)",1
71,"(2, 49)",3
71,"(2, 50)",3
71,"(2, 53)",5
71,"(2, 55)",5
71,"(2, 57)",4
71,"(2, 59)",2
71,"(2, 61)",1
71,"(2, 62)",1
71,"(2, 63)",1
71,"(2, 65)",2
71,"(2, 66)",2
71,"(2, 67)",2
71,"(2, 73)",1
71,"(2, 74)",2
71,"(2, 75)",1
71,"(2, 76)",1
71,"(2, 77)",1
71,"(2, 78)",1
71,"(2, 79)",1
71,"(2, 80)",1
71,"(2, 82)",2
71,"(2, 83)",1
71,"(2, 84)",1
71,"(2, 86)",1
71,"(2, 87)",1
71,"(2, 89)",1
71,"(2, 96)",-1
71,"(2, 97)",-1
71,"(2, 98)",-1
71,"(2, 99)",-1
71,"(3, 1)",6
71,"(3, 4)",3
71,"(3, 6)",3
71,"(3, 7)",2
71,"(3, 8)",2
71,"(3, 9)",2
71,"(3, 11)",2
71,"(3, 12)",7
71,"(3, 13)",8
71,"(3, 15)",2
71,"(3, 16)",2
71,"(3, 17)",3
71,"(3, 19)",2
71,"(3, 20)",2
71,"(3, 22)",1
71,"(3, 24)",1
71,"(3, 25)",2
71,"(3, 26)",3
71,"(3, 27)",4
71,"(3, 30)",5
71,"(3, 31)",5
71,"(3, 34)",3
71,"(3, 36)",2
71,"(3, 37)",2
71,"(3, 39)",1
71,"(3, 42)",2
71,"(3, 43)",2
71,"(3, 45)",1
71,"(3, 47)",2
71,"(3, 48)",3
71,"(3, 49)",3
71,"(3, 51)",4
71,"(3, 52)",4
71,"(3, 53)",5
71,"(3, 56)",4
71,"(3, 57)",4
71,"(3, 58)",3
71,"(3, 59)",2
71,"(3, 60)",1
71,"(3, 61)",1
71,"(3, 62)",1
71,"(3, 63)",1
71,"(3, 64)",1
71,"(3, 65)",2
71,"(3, 68)",-1
71,"(3, 69)",3
71,"(3, 71)",8
71,"(3, 73)",2
71,"(3, 76)",1
71,"(3, 77)",1
71,"(3, 79)",1
71,"(3, 80)",1
71,"(3, 81)",1
71,"(3, 82)",2
71,"(3, 83)",2
71,"(3, 85)",2
71,"(3, 86)",1
71,"(3, 87)",1
71,"(3, 89)",2
71,"(3, 94)",15
71,"(3, 98)",-1
71,"(3, 99)",-1
71,"(4, 0)",5
71,"(4, 1)",4
71,"(4, 2)",4
71,"(4, 3)",4
71,"(4, 4)",3
71,"(4, 5)",3
71,"(4, 7)",2
71,"(4, 10)",2
71,"(4, 11)",3
71,"(4, 13)",6
71,"(4, 24)",2
71,"(4, 25)",2
71,"(4, 26)",3
71,"(4, 29)",5
71,"(4, 30)",5
71,"(4, 32)",4
71,"(4, 33)",3
71,"(4, 39)",1
71,"(4, 42)",2
71,"(4, 43)",2
71,"(4, 44)",2
71,"(4, 46)",2
71,"(4, 47)",2
71,"(4, 48)",3
71,"(4, 50)",3
71,"(4, 51)",4
71,"(4, 52)",4
71,"(4, 53)",5
71,"(4, 55)",5
71,"(4, 57)",4
71,"(4, 63)",1
71,"(4, 65)",2
71,"(4, 68)",3
71,"(4, 71)",8
71,"(4, 72)",8
71,"(4, 75)",2
71,"(4, 77)",1
71,"(4, 79)",2
71,"(4, 80)",1
71,"(4, 83)",2
71,"(4, 85)",2
71,"(4, 86)",1
71,"(4, 90)",2
71,"(4, 94)",14
71,"(4, 95)",14
71,"(4, 96)",14
71,"(5, 0)",5
71,"(5, 1)",4
71,"(5, 3)",3
71,"(5, 5)",3
71,"(5, 7)",3
71,"(5, 8)",3
71,"(5, 9)",3
71,"(5, 10)",3
71,"(5, 11)",3
71,"(5, 13)",5
71,"(5, 15)",7
71,"(5, 18)",7
71,"(5, 19)",5
71,"(5, 21)",4
71,"(5, 23)",3
71,"(5, 24)",3
71,"(5, 25)",3
71,"(5, 27)",6
71,"(5, 28)",6
71,"(5, 29)",5
71,"(5, 30)",5
71,"(5, 31)",5
71,"(5, 33)",4
71,"(5, 35)",5
71,"(5, 36)",4
71,"(5, 37)",4
71,"(5, 38)",4
71,"(5, 41)",3
71,"(5, 42)",2
71,"(5, 44)",2
71,"(5, 45)",2
71,"(5, 46)",2
71,"(5, 48)",3
71,"(5, 49)",4
71,"(5, 50)",4
71,"(5, 52)",4
71,"(5, 54)",5
71,"(5, 55)",5
71,"(5, 58)",4
71,"(5, 60)",5
71,"(5, 61)",4
71,"(5, 62)",3
71,"(5, 63)",1
71,"(5, 64)",1
71,"(5, 65)",2
71,"(5, 66)",2
71,"(5, 67)",2
71,"(5, 68)",2
71,"(5, 72)",7
71,"(5, 73)",7
71,"(5, 76)",2
71,"(5, 77)",2
71,"(5, 81)",12
71,"(5, 83)",3
71,"(5, 86)",2
71,"(5, 87)",2
71,"(5, 89)",2
71,"(5, 93)",-1
71,"(5, 95)",14
71,"(5, 96)",14
71,"(5, 98)",14
71,"(6, 0)",5
71,"(6, 1)",5
71,"(6, 3)",4
71,"(6, 4)",3
71,"(6, 6)",3
71,"(6, 7)",3
71,"(6, 8)",4
71,"(6, 9)",4
71,"(6, 11)",4
71,"(6, 12)",4
71,"(6, 16)",6
71,"(6, 18)",6
71,"(6, 20)",5
71,"(6, 21)",4
71,"(6, 22)",4
71,"(6, 23)",4
71,"(6, 24)",4
71,"(6, 25)",3
71,"(6, 29)",5
71,"(6, 33)",5
71,"(6, 34)",5
71,"(6, 35)",5
71,"(6, 36)",4
71,"(6, 37)",4
71,"(6, 38)",4
71,"(6, 39)",4
71,"(6, 44)",2
71,"(6, 47)",3
71,"(6, 48)",3
71,"(6, 50)",4
71,"(6, 51)",4
71,"(6, 52)",4
71,"(6, 54)",5
71,"(6, 56)",5
71,"(6, 58)",4
71,"(6, 62)",3
71,"(6, 63)",2
71,"(6, 64)",1
71,"(6, 66)",2
71,"(6, 67)",2
71,"(6, 68)",2
71,"(6, 70)",8
71,"(6, 71)",7
71,"(6, 72)",7
71,"(6, 75)",4
71,"(6, 76)",3
71,"(6, 77)",3
71,"(6, 80)",11
71,"(6, 83)",4
71,"(6, 87)",3
71,"(6, 88)",3
71,"(6, 89)",3
71,"(6, 91)",-1
71,"(6, 93)",-1
71,"(6, 95)",13
71,"(6, 96)",13
71,"(6, 97)",13
71,"(6, 98)",13
71,"(6, 99)",13
71,"(7, 0)",5
71,"(7, 3)",4
71,"(7, 7)",3
71,"(7, 8)",4
71,"(7, 9)",4
71,"(7, 10)",4
71,"(7, 12)",4
71,"(7, 13)",4
71,"(7, 14)",5
71,"(7, 16)",6
71,"(7, 18)",-1
71,"(7, 20)",5
71,"(7, 22)",4
71,"(7, 23)",4
71,"(7, 26)",8
71,"(7, 27)",8
71,"(7, 28)",7
71,"(7, 30)",6
71,"(7, 32)",5
71,"(7, 33)",5
71,"(7, 34)",5
71,"(7, 35)",5
71,"(7, 36)",4
71,"(7, 37)",4
71,"(7, 38)",4
71,"(7, 39)",4
71,"(7, 40)",4
71,"(7, 41)",4
71,"(7, 42)",3
71,"(7, 43)",2
71,"(7, 44)",2
71,"(7, 45)",2
71,"(7, 46)",3
71,"(7, 47)",3
71,"(7, 48)",3
71,"(7, 51)",4
71,"(7, 52)",4
71,"(7, 54)",5
71,"(7, 58)",5
71,"(7, 59)",4
71,"(7, 60)",4
71,"(7, 61)",3
71,"(7, 64)",2
71,"(7, 67)",2
71,"(7, 70)",8
71,"(7, 72)",7
71,"(7, 73)",6
71,"(7, 75)",4
71,"(7, 77)",3
71,"(7, 80)",11
71,"(7, 81)",10
71,"(7, 83)",5
71,"(7, 87)",3
71,"(7, 88)",3
71,"(7, 93)",-1
71,"(7, 95)",13
71,"(7, 96)",13
71,"(7, 98)",13
71,"(7, 99)",13
71,"(8, 0)",6
71,"(8, 3)",4
71,"(8, 4)",4
71,"(8, 5)",4
71,"(8, 6)",4
71,"(8, 8)",4
71,"(8, 10)",4
71,"(8, 11)",4
71,"(8, 12)",4
71,"(8, 13)",5
71,"(8, 16)",6
71,"(8, 17)",6
71,"(8, 18)",7
71,"(8, 20)",5
71,"(8, 21)",4
71,"(8, 25)",8
71,"(8, 26)",8
71,"(8, 27)",8
71,"(8, 29)",6
71,"(8, 31)",6
71,"(8, 33)",5
71,"(8, 34)",5
71,"(8, 35)",5
71,"(8, 39)",4
71,"(8, 41)",3
71,"(8, 42)",3
71,"(8, 44)",3
71,"(8, 45)",3
71,"(8, 46)",3
71,"(8, 47)",3
71,"(8, 48)",4
71,"(8, 49)",4
71,"(8, 51)",4
71,"(8, 52)",4
71,"(8, 53)",4
71,"(8, 54)",5
71,"(8, 55)",5
71,"(8, 57)",5
71,"(8, 59)",4
71,"(8, 62)",4
71,"(8, 64)",4
71,"(8, 65)",3
71,"(8, 67)",2
71,"(8, 68)",2
71,"(8, 71)",8
71,"(8, 73)",6
71,"(8, 74)",5
71,"(8, 75)",5
71,"(8, 80)",10
71,"(8, 84)",5
71,"(8, 88)",3
71,"(8, 89)",3
71,"(8, 92)",-1
71,"(8, 93)",-1
71,"(8, 96)",12
71,"(8, 97)",12
71,"(8, 98)",12
71,"(8, 99)",12
71,"(9, 1)",6
71,"(9, 6)",4
71,"(9, 7)",4
71,"(9, 8)",4
71,"(9, 9)",4
71,"(9, 10)",5
71,"(9, 13)",5
71,"(9, 14)",5
71,"(9, 15)",5
71,"(9, 18)",7
71,"(9, 22)",5
71,"(9, 24)",8
71,"(9, 25)",8
71,"(9, 26)",8
71,"(9, 27)",8
71,"(9, 30)",6
71,"(9, 31)",7
71,"(9, 32)",6
71,"(9, 34)",6
71,"(9, 35)",6
71,"(9, 37)",5
71,"(9, 38)",4
71,"(9, 39)",4
71,"(9, 40)",4
71,"(9, 41)",4
71,"(9, 42)",4
71,"(9, 45)",3
71,"(9, 49)",5
71,"(9, 51)",4
71,"(9, 53)",4
71,"(9, 54)",5
71,"(9, 60)",5
71,"(9, 61)",4
71,"(9, 63)",4
71,"(9, 65)",3
71,"(9, 66)",3
71,"(9, 69)",3
71,"(9, 73)",6
71,"(9, 76)",6
71,"(9, 77)",8
71,"(9, 79)",9
71,"(9, 82)",-1
71,"(9, 85)",5
71,"(9, 89)",3
71,"(9, 95)",12
71,"(9, 98)",12
71,"(9, 99)",12
71,"(10, 0)",6
71,"(10, 1)",6
71,"(10, 2)",6
71,"(10, 4)",5
71,"(10, 5)",4
71,"(10, 7)",4
71,"(10, 9)",5
71,"(10, 10)",5
71,"(10, 13)",5
71,"(10, 15)",5
71,"(10, 16)",6
71,"(10, 20)",26
71,"(10, 22)",6
71,"(10, 24)",8
71,"(10, 25)",8
71,"(10, 27)",8
71,"(10, 28)",8
71,"(10, 31)",7
71,"(10, 32)",7
71,"(10, 33)",6
71,"(10, 34)",6
71,"(10, 36)",5
71,"(10, 38)",4
71,"(10, 40)",4
71,"(10, 41)",4
71,"(10, 42)",4
71,"(10, 43)",4
71,"(10, 46)",4
71,"(10, 47)",5
71,"(10, 49)",5
71,"(10, 50)",5
71,"(10, 52)",5
71,"(10, 53)",5
71,"(10, 55)",5
71,"(10, 57)",-1
71,"(10, 60)",4
71,"(10, 61)",5
71,"(10, 64)",4
71,"(10, 65)",3
71,"(10, 66)",3
71,"(10, 67)",4
71,"(10, 68)",4
71,"(10, 72)",6
71,"(10, 73)",6
71,"(10, 75)",7
71,"(10, 76)",8
71,"(10, 77)",7
71,"(10, 79)",9
71,"(10, 80)",9
71,"(10, 84)",5
71,"(10, 86)",4
71,"(10, 87)",4
71,"(10, 88)",4
71,"(10, 89)",4
71,"(10, 90)",4
71,"(10, 94)",12
71,"(10, 96)",12
71,"(10, 97)",12
71,"(10, 98)",12
71,"(11, 1)",6
71,"(11, 5)",5
71,"(11, 8)",5
71,"(11, 9)",6
71,"(11, 12)",-1
71,"(11, 14)",5
71,"(11, 16)",6
71,"(11, 18)",7
71,"(11, 19)",25
71,"(11, 20)",25
71,"(11, 21)",26
71,"(11, 25)",9
71,"(11, 26)",9
71,"(11, 28)",9
71,"(11, 39)",5
71,"(11, 40)",4
71,"(11, 42)",4
71,"(11, 44)",4
71,"(11, 47)",5
71,"(11, 48)",5
71,"(11, 49)",5
71,"(11, 50)",5
71,"(11, 51)",5
71,"(11, 52)",5
71,"(11, 53)",5
71,"(11, 55)",6
71,"(11, 56)",5
71,"(11, 59)",5
71,"(11, 60)",5
71,"(11, 61)",5
71,"(11, 63)",5
71,"(11, 65)",5
71,"(11, 67)",4
71,"(11, 68)",4
71,"(11, 71)",7
71,"(11, 73)",7
71,"(11, 78)",8
71,"(11, 79)",8
71,"(11, 80)",8
71,"(11, 81)",7
71,"(11, 82)",6
71,"(11, 84)",5
71,"(11, 85)",5
71,"(11, 88)",4
71,"(11, 90)",4
71,"(11, 95)",11
71,"(11, 96)",12
71,"(11, 97)",12
71,"(11, 99)",12
71,"(12, 6)",5
71,"(12, 7)",5
71,"(12, 9)",6
71,"(12, 12)",-1
71,"(12, 17)",7
71,"(12, 19)",24
71,"(12, 23)",24
71,"(12, 31)",-1
71,"(12, 33)",9
71,"(12, 35)",8
71,"(12, 37)",6
71,"(12, 38)",6
71,"(12, 39)",5
71,"(12, 41)",5
71,"(12, 42)",5
71,"(12, 43)",4
71,"(12, 44)",5
71,"(12, 45)",4
71,"(12, 46)",5
71,"(12, 50)",5
71,"(12, 51)",6
71,"(12, 52)",5
71,"(12, 53)",5
71,"(12, 54)",5
71,"(12, 58)",6
71,"(12, 60)",6
71,"(12, 62)",5
71,"(12, 63)",5
71,"(12, 68)",4
71,"(12, 70)",7
71,"(12, 71)",7
71,"(12, 72)",7
71,"(12, 73)",7
71,"(12, 76)",9
71,"(12, 83)",5
71,"(12, 85)",5
71,"(12, 87)",-1
71,"(12, 88)",-1
71,"(12, 89)",4
71,"(12, 91)",4
71,"(12, 93)",-1
71,"(12, 95)",11
71,"(12, 96)",11
71,"(12, 97)",11
71,"(13, 0)",-1
71,"(13, 4)",6
71,"(13, 5)",5
71,"(13, 6)",6
71,"(13, 11)",-1
71,"(13, 13)",-1
71,"(13, 19)",23
71,"(13, 20)",23
71,"(13, 21)",24
71,"(13, 22)",23
71,"(13, 23)",23
71,"(13, 25)",24
71,"(13, 27)",26
71,"(13, 28)",27
71,"(13, 29)",-1
71,"(13, 33)",9
71,"(13, 34)",9
71,"(13, 35)",9
71,"(13, 36)",7
71,"(13, 37)",6
71,"(13, 38)",5
71,"(13, 39)",5
71,"(13, 41)",5
71,"(13, 42)",5
71,"(13, 45)",5
71,"(13, 48)",6
71,"(13, 51)",6
71,"(13, 52)",6
71,"(13, 54)",6
71,"(13, 55)",6
71,"(13, 56)",7
71,"(13, 57)",6
71,"(13, 58)",7
71,"(13, 59)",7
71,"(13, 60)",6
71,"(13, 61)",5
71,"(13, 63)",5
71,"(13, 64)",5
71,"(13, 65)",6
71,"(13, 66)",10
71,"(13, 70)",8
71,"(13, 72)",7
71,"(13, 74)",8
71,"(13, 77)",9
71,"(13, 81)",11
71,"(13, 83)",11
71,"(13, 84)",12
71,"(13, 86)",12
71,"(13, 90)",4
71,"(13, 91)",4
71,"(13, 95)",11
71,"(13, 96)",11
71,"(13, 97)",11
71,"(13, 99)",-1
71,"(14, 1)",8
71,"(14, 2)",7
71,"(14, 3)",7
71,"(14, 7)",7
71,"(14, 9)",-1
71,"(14, 11)",-1
71,"(14, 13)",-1
71,"(14, 14)",-1
71,"(14, 16)",25
71,"(14, 17)",25
71,"(14, 19)",23
71,"(14, 20)",22
71,"(14, 22)",22
71,"(14, 23)",23
71,"(14, 24)",23
71,"(14, 25)",26
71,"(14, 26)",25
71,"(14, 27)",26
71,"(14, 31)",9
71,"(14, 32)",9
71,"(14, 33)",9
71,"(14, 34)",9
71,"(14, 39)",6
71,"(14, 40)",6
71,"(14, 42)",6
71,"(14, 43)",6
71,"(14, 44)",-1
71,"(14, 46)",5
71,"(14, 47)",6
71,"(14, 48)",6
71,"(14, 49)",7
71,"(14, 50)",6
71,"(14, 51)",6
71,"(14, 52)",6
71,"(14, 53)",6
71,"(14, 55)",7
71,"(14, 56)",7
71,"(14, 60)",6
71,"(14, 62)",5
71,"(14, 63)",5
71,"(14, 67)",9
71,"(14, 68)",9
71,"(14, 69)",8
71,"(14, 70)",8
71,"(14, 73)",8
71,"(14, 74)",8
71,"(14, 75)",8
71,"(14, 76)",9
71,"(14, 81)",10
71,"(14, 82)",11
71,"(14, 85)",11
71,"(14, 88)",-1
71,"(14, 90)",4
71,"(14, 92)",5
71,"(14, 94)",12
71,"(14, 95)",11
71,"(14, 97)",10
71,"(14, 98)",10
71,"(15, 0)",8
71,"(15, 1)",8
71,"(15, 2)",7
71,"(15, 3)",7
71,"(15, 4)",7
71,"(15, 5)",7
71,"(15, 7)",8
71,"(15, 10)",-1
71,"(15, 11)",-1
71,"(15, 15)",24
71,"(15, 19)",23
71,"(15, 21)",22
71,"(15, 22)",22
71,"(15, 23)",22
71,"(15, 27)",26
71,"(15, 32)",9
71,"(15, 33)",9
71,"(15, 36)",8
71,"(15, 37)",7
71,"(15, 38)",6
71,"(15, 40)",6
71,"(15, 41)",7
71,"(15, 42)",7
71,"(15, 46)",6
71,"(15, 48)",7
71,"(15, 49)",6
71,"(15, 50)",6
71,"(15, 53)",6
71,"(15, 57)",7
71,"(15, 59)",11
71,"(15, 60)",10
71,"(15, 62)",6
71,"(15, 63)",6
71,"(15, 64)",6
71,"(15, 66)",9
71,"(15, 68)",9
71,"(15, 69)",9
71,"(15, 70)",9
71,"(15, 73)",8
71,"(15, 75)",8
71,"(15, 76)",9
71,"(15, 77)",9
71,"(15, 79)",9
71,"(15, 80)",10
71,"(15, 83)",11
71,"(15, 84)",11
71,"(15, 86)",12
71,"(15, 90)",5
71,"(15, 91)",5
71,"(15, 92)",5
71,"(15, 93)",6
71,"(15, 97)",10
71,"(15, 98)",10
71,"(15, 99)",10
71,"(16, 0)",-1
71,"(16, 2)",8
71,"(16, 3)",7
71,"(16, 4)",8
71,"(16, 6)",8
71,"(16, 10)",-1
71,"(16, 12)",-1
71,"(16, 13)",-1
71,"(16, 15)",24
71,"(16, 16)",23
71,"(16, 17)",23
71,"(16, 18)",23
71,"(16, 22)",21
71,"(16, 24)",21
71,"(16, 27)",20
71,"(16, 29)",20
71,"(16, 30)",20
71,"(16, 31)",9
71,"(16, 32)",9
71,"(16, 34)",10
71,"(16, 35)",8
71,"(16, 37)",7
71,"(16, 38)",7
71,"(16, 39)",7
71,"(16, 40)",7
71,"(16, 42)",8
71,"(16, 43)",8
71,"(16, 44)",8
71,"(16, 46)",7
71,"(16, 48)",7
71,"(16, 53)",-1
71,"(16, 54)",-1
71,"(16, 56)",8
71,"(16, 59)",10
71,"(16, 60)",9
71,"(16, 63)",7
71,"(16, 64)",7
71,"(16, 67)",9
71,"(16, 68)",9
71,"(16, 69)",9
71,"(16, 71)",9
71,"(16, 72)",10
71,"(16, 74)",9
71,"(16, 75)",9
71,"(16, 76)",9
71,"(16, 78)",9
71,"(16, 79)",9
71,"(16, 80)",10
71,"(16, 83)",11
71,"(16, 85)",10
71,"(16, 87)",13
71,"(16, 88)",7
71,"(16, 90)",6
71,"(16, 91)",5
71,"(16, 92)",5
71,"(16, 94)",7
71,"(16, 95)",8
71,"(16, 98)",10
71,"(16, 99)",10
71,"(17, 3)",8
71,"(17, 5)",9
71,"(17, 6)",-1
71,"(17, 8)",-1
71,"(17, 10)",-1
71,"(17, 18)",22
71,"(17, 19)",23
71,"(17, 20)",22
71,"(17, 23)",21
71,"(17, 25)",20
71,"(17, 26)",20
71,"(17, 27)",19
71,"(17, 29)",20
71,"(17, 32)",10
71,"(17, 35)",8
71,"(17, 38)",7
71,"(17, 42)",8
71,"(17, 43)",8
71,"(17, 47)",7
71,"(17, 51)",-1
71,"(17, 52)",-1
71,"(17, 53)",-1
71,"(17, 56)",9
71,"(17, 57)",9
71,"(17, 61)",8
71,"(17, 62)",7
71,"(17, 64)",10
71,"(17, 66)",9
71,"(17, 67)",9
71,"(17, 68)",9
71,"(17, 69)",9
71,"(17, 73)",9
71,"(17, 76)",10
71,"(17, 77)",9
71,"(17, 78)",9
71,"(17, 80)",10
71,"(17, 81)",10
71,"(17, 83)",10
71,"(17, 84)",10
71,"(17, 85)",10
71,"(17, 86)",9
71,"(17, 87)",8
71,"(17, 89)",6
71,"(17, 90)",7
71,"(17, 92)",5
71,"(17, 96)",8
71,"(17, 97)",9
71,"(18, 2)",9
71,"(18, 3)",9
71,"(18, 4)",9
71,"(18, 8)",-1
71,"(18, 9)",-1
71,"(18, 12)",-1
71,"(18, 15)",24
71,"(18, 16)",24
71,"(18, 18)",22
71,"(18, 19)",21
71,"(18, 20)",22
71,"(18, 22)",22
71,"(18, 23)",21
71,"(18, 24)",21
71,"(18, 27)",18
71,"(18, 28)",19
71,"(18, 29)",19
71,"(18, 30)",20
71,"(18, 33)",10
71,"(18, 35)",9
71,"(18, 37)",-1
71,"(18, 39)",8
71,"(18, 40)",9
71,"(18, 43)",8
71,"(18, 44)",8
71,"(18, 45)",7
71,"(18, 46)",7
71,"(18, 49)",10
71,"(18, 51)",-1
71,"(18, 52)",-1
71,"(18, 56)",9
71,"(18, 57)",9
71,"(18, 59)",11
71,"(18, 61)",8
71,"(18, 62)",9
71,"(18, 64)",10
71,"(18, 65)",9
71,"(18, 66)",9
71,"(18, 67)",9
71,"(18, 68)",9
71,"(18, 69)",9
71,"(18, 70)",9
71,"(18, 72)",11
71,"(18, 75)",10
71,"(18, 76)",10
71,"(18, 77)",10
71,"(18, 79)",10
71,"(18, 80)",10
71,"(18, 84)",10
71,"(18, 86)",9
71,"(18, 88)",7
71,"(18, 89)",7
71,"(18, 92)",6
71,"(18, 93)",6
71,"(18, 98)",10
71,"(18, 99)",10
71,"(19, 0)",-1
71,"(19, 1)",-1
71,"(19, 3)",9
71,"(19, 4)",9
71,"(19, 5)",9
71,"(19, 10)",-1
71,"(19, 11)",-1
71,"(19, 13)",25
71,"(19, 14)",24
71,"(19, 16)",23
71,"(19, 17)",23
71,"(19, 19)",21
71,"(19, 20)",21
71,"(19, 22)",21
71,"(19, 25)",18
71,"(19, 26)",18
71,"(19, 28)",18
71,"(19, 31)",17
71,"(19, 34)",9
71,"(19, 35)",9
71,"(19, 39)",9
71,"(19, 41)",10
71,"(19, 43)",8
71,"(19, 44)",8
71,"(19, 47)",7
71,"(19, 49)",9
71,"(19, 51)",-1
71,"(19, 55)",10
71,"(19, 56)",10
71,"(19, 58)",11
71,"(19, 59)",10
71,"(19, 61)",9
71,"(19, 62)",9
71,"(19, 63)",9
71,"(19, 66)",10
71,"(19, 67)",9
71,"(19, 68)",10
71,"(19, 69)",9
71,"(19, 71)",10
71,"(19, 74)",12
71,"(19, 76)",10
71,"(19, 77)",10
71,"(19, 79)",11
71,"(19, 80)",10
71,"(19, 81)",10
71,"(19, 82)",10
71,"(19, 83)",10
71,"(19, 84)",10
71,"(19, 85)",10
71,"(19, 86)",10
71,"(19, 87)",8
71,"(19, 88)",8
71,"(19, 91)",7
71,"(19, 94)",14
71,"(19, 95)",14
71,"(19, 97)",10
71,"(19, 98)",10
71,"(20, 5)",10
71,"(20, 6)",10
71,"(20, 7)",10
71,"(20, 9)",10
71,"(20, 11)",-1
71,"(20, 13)",25
71,"(20, 14)",25
71,"(20, 15)",25
71,"(20, 18)",21
71,"(20, 19)",21
71,"(20, 20)",21
71,"(20, 21)",20
71,"(20, 25)",17
71,"(20, 26)",18
71,"(20, 27)",17
71,"(20, 30)",17
71,"(20, 31)",17
71,"(20, 34)",9
71,"(20, 36)",10
71,"(20, 37)",10
71,"(20, 39)",9
71,"(20, 40)",9
71,"(20, 41)",10
71,"(20, 46)",7
71,"(20, 47)",8
71,"(20, 49)",8
71,"(20, 50)",9
71,"(20, 52)",12
71,"(20, 53)",12
71,"(20, 54)",11
71,"(20, 55)",11
71,"(20, 57)",11
71,"(20, 58)",11
71,"(20, 60)",9
71,"(20, 62)",9
71,"(20, 64)",10
71,"(20, 68)",10
71,"(20, 71)",11
71,"(20, 72)",11
71,"(20, 73)",11
71,"(20, 74)",12
71,"(20, 77)",11
71,"(20, 79)",11
71,"(20, 80)",11
71,"(20, 81)",10
71,"(20, 84)",10
71,"(20, 85)",10
71,"(20, 86)",9
71,"(20, 88)",8
71,"(20, 89)",9
71,"(20, 91)",8
71,"(20, 93)",14
71,"(20, 94)",14
71,"(20, 95)",14
71,"(20, 98)",10
71,"(20, 99)",10
71,"(21, 0)",-1
71,"(21, 1)",-1
71,"(21, 2)",-1
71,"(21, 3)",-1
71,"(21, 6)",10
71,"(21, 7)",10
71,"(21, 8)",10
71,"(21, 9)",10
71,"(21, 11)",-1
71,"(21, 17)",22
71,"(21, 19)",21
71,"(21, 22)",20
71,"(21, 24)",17
71,"(21, 27)",17
71,"(21, 28)",16
71,"(21, 31)",16
71,"(21, 32)",17
71,"(21, 35)",9
71,"(21, 36)",10
71,"(21, 38)",10
71,"(21, 39)",10
71,"(21, 40)",10
71,"(21, 41)",10
71,"(21, 43)",11
71,"(21, 46)",8
71,"(21, 48)",8
71,"(21, 49)",8
71,"(21, 53)",11
71,"(21, 54)",11
71,"(21, 55)",11
71,"(21, 58)",11
71,"(21, 60)",9
71,"(21, 61)",9
71,"(21, 64)",12
71,"(21, 65)",12
71,"(21, 66)",11
71,"(21, 67)",11
71,"(21, 68)",11
71,"(21, 69)",11
71,"(21, 70)",13
71,"(21, 79)",12
71,"(21, 80)",12
71,"(21, 81)",11
71,"(21, 82)",12
71,"(21, 85)",10
71,"(21, 86)",10
71,"(21, 87)",9
71,"(21, 88)",9
71,"(21, 89)",9
71,"(21, 93)",13
71,"(21, 95)",14
71,"(21, 98)",10
71,"(21, 99)",11
71,"(22, 2)",-1
71,"(22, 4)",-1
71,"(22, 6)",10
71,"(22, 9)",11
71,"(22, 11)",-1
71,"(22, 12)",-1
71,"(22, 13)",-1
71,"(22, 15)",-1
71,"(22, 17)",21
71,"(22, 18)",21
71,"(22, 19)",21
71,"(22, 20)",20
71,"(22, 21)",20
71,"(22, 22)",20
71,"(22, 24)",17
71,"(22, 25)",16
71,"(22, 26)",16
71,"(22, 27)",16
71,"(22, 28)",16
71,"(22, 29)",16
71,"(22, 30)",15
71,"(22, 36)",10
71,"(22, 39)",11
71,"(22, 40)",11
71,"(22, 41)",11
71,"(22, 43)",10
71,"(22, 45)",9
71,"(22, 46)",8
71,"(22, 47)",8
71,"(22, 48)",8
71,"(22, 49)",8
71,"(22, 50)",9
71,"(22, 51)",9
71,"(22, 53)",12
71,"(22, 54)",12
71,"(22, 55)",12
71,"(22, 56)",11
71,"(22, 57)",11
71,"(22, 59)",10
71,"(22, 60)",9
71,"(22, 61)",9
71,"(22, 63)",12
71,"(22, 64)",11
71,"(22, 65)",12
71,"(22, 66)",12
71,"(22, 69)",12
71,"(22, 70)",13
71,"(22, 71)",13
71,"(22, 73)",-1
71,"(22, 74)",15
71,"(22, 75)",15
71,"(22, 78)",12
71,"(22, 79)",12
71,"(22, 81)",12
71,"(22, 83)",-1
71,"(22, 86)",10
71,"(22, 87)",9
71,"(22, 89)",10
71,"(22, 91)",12
71,"(22, 92)",12
71,"(22, 93)",13
71,"(22, 97)",11
71,"(22, 99)",11
71,"(23, 1)",-1
71,"(23, 7)",28
71,"(23, 9)",29
71,"(23, 13)",-1
71,"(23, 14)",-1
71,"(23, 21)",20
71,"(23, 22)",19
71,"(23, 26)",16
71,"(23, 27)",16
71,"(23, 28)",16
71,"(23, 29)",15
71,"(23, 30)",14
71,"(23, 31)",15
71,"(23, 33)",-1
71,"(23, 36)",10
71,"(23, 37)",10
71,"(23, 38)",11
71,"(23, 39)",11
71,"(23, 40)",11
71,"(23, 41)",11
71,"(23, 42)",11
71,"(23, 44)",10
71,"(23, 45)",10
71,"(23, 47)",9
71,"(23, 51)",9
71,"(23, 52)",10
71,"(23, 57)",11
71,"(23, 58)",11
71,"(23, 59)",10
71,"(23, 61)",10
71,"(23, 63)",11
71,"(23, 65)",12
71,"(23, 67)",13
71,"(23, 70)",13
71,"(23, 71)",13
71,"(23, 72)",13
71,"(23, 75)",15
71,"(23, 77)",13
71,"(23, 79)",12
71,"(23, 80)",12
71,"(23, 82)",12
71,"(23, 83)",13
71,"(23, 85)",10
71,"(23, 86)",10
71,"(23, 88)",10
71,"(23, 90)",10
71,"(23, 91)",11
71,"(23, 93)",12
71,"(23, 95)",12
71,"(23, 96)",11
71,"(23, 98)",11
71,"(23, 99)",12
71,"(24, 0)",-1
71,"(24, 1)",-1
71,"(24, 3)",-1
71,"(24, 6)",28
71,"(24, 7)",28
71,"(24, 8)",29
71,"(24, 9)",29
71,"(24, 14)",-1
71,"(24, 19)",20
71,"(24, 20)",19
71,"(24, 21)",19
71,"(24, 22)",19
71,"(24, 24)",-1
71,"(24, 26)",16
71,"(24, 27)",16
71,"(24, 29)",14
71,"(24, 30)",14
71,"(24, 36)",10
71,"(24, 37)",10
71,"(24, 38)",11
71,"(24, 39)",11
71,"(24, 43)",10
71,"(24, 44)",10
71,"(24, 46)",9
71,"(24, 48)",9
71,"(24, 49)",9
71,"(24, 50)",10
71,"(24, 51)",10
71,"(24, 52)",10
71,"(24, 53)",10
71,"(24, 54)",10
71,"(24, 55)",11
71,"(24, 56)",11
71,"(24, 58)",10
71,"(24, 60)",10
71,"(24, 62)",10
71,"(24, 63)",11
71,"(24, 64)",11
71,"(24, 66)",13
71,"(24, 67)",14
71,"(24, 68)",13
71,"(24, 69)",13
71,"(24, 70)",13
71,"(24, 71)",13
71,"(24, 72)",13
71,"(24, 73)",13
71,"(24, 74)",14
71,"(24, 75)",14
71,"(24, 80)",12
71,"(24, 84)",10
71,"(24, 85)",10
71,"(24, 86)",10
71,"(24, 87)",10
71,"(24, 89)",10
71,"(24, 90)",11
71,"(24, 92)",-1
71,"(24, 94)",12
71,"(24, 95)",12
71,"(24, 98)",12
71,"(24, 99)",12
71,"(25, 0)",-1
71,"(25, 1)",-1
71,"(25, 2)",-1
71,"(25, 7)",28
71,"(25, 11)",-1
71,"(25, 13)",-1
71,"(25, 14)",-1
71,"(25, 15)",-1
71,"(25, 16)",23
71,"(25, 18)",21
71,"(25, 22)",19
71,"(25, 26)",17
71,"(25, 27)",16
71,"(25, 28)",15
71,"(25, 29)",15
71,"(25, 31)",14
71,"(25, 32)",13
71,"(25, 33)",13
71,"(25, 34)",12
71,"(25, 35)",11
71,"(25, 37)",11
71,"(25, 41)",11
71,"(25, 42)",11
71,"(25, 47)",9
71,"(25, 48)",10
71,"(25, 51)",11
71,"(25, 52)",10
71,"(25, 53)",10
71,"(25, 54)",10
71,"(25, 55)",11
71,"(25, 56)",11
71,"(25, 59)",10
71,"(25, 64)",12
71,"(25, 65)",13
71,"(25, 66)",14
71,"(25, 68)",14
71,"(25, 69)",13
71,"(25, 70)",13
71,"(25, 71)",14
71,"(25, 72)",13
71,"(25, 74)",14
71,"(25, 79)",14
71,"(25, 80)",13
71,"(25, 81)",13
71,"(25, 84)",10
71,"(25, 86)",10
71,"(25, 87)",11
71,"(25, 88)",11
71,"(25, 89)",11
71,"(25, 93)",12
71,"(25, 94)",12
71,"(25, 95)",12
71,"(25, 96)",12
71,"(25, 99)",12
71,"(26, 0)",-1
71,"(26, 1)",-1
71,"(26, 3)",-1
71,"(26, 6)",28
71,"(26, 8)",27
71,"(26, 12)",-1
71,"(26, 16)",22
71,"(26, 19)",20
71,"(26, 22)",19
71,"(26, 23)",18
71,"(26, 24)",18
71,"(26, 26)",17
71,"(26, 27)",16
71,"(26, 28)",16
71,"(26, 30)",14
71,"(26, 32)",13
71,"(26, 36)",11
71,"(26, 38)",11
71,"(26, 39)",12
71,"(26, 40)",12
71,"(26, 41)",12
71,"(26, 43)",10
71,"(26, 44)",10
71,"(26, 45)",10
71,"(26, 46)",9
71,"(26, 49)",10
71,"(26, 52)",11
71,"(26, 54)",11
71,"(26, 55)",11
71,"(26, 56)",11
71,"(26, 60)",15
71,"(26, 61)",15
71,"(26, 62)",14
71,"(26, 64)",13
71,"(26, 67)",14
71,"(26, 68)",14
71,"(26, 70)",14
71,"(26, 71)",13
71,"(26, 73)",13
71,"(26, 75)",14
71,"(26, 79)",14
71,"(26, 81)",14
71,"(26, 88)",11
71,"(26, 89)",12
71,"(26, 90)",12
71,"(26, 92)",13
71,"(26, 94)",13
71,"(26, 95)",13
71,"(26, 97)",13
71,"(26, 98)",13
71,"(27, 0)",-1
71,"(27, 1)",-1
71,"(27, 2)",-1
71,"(27, 4)",-1
71,"(27, 5)",28
71,"(27, 6)",28
71,"(27, 9)",26
71,"(27, 13)",-1
71,"(27, 14)",-1
71,"(27, 17)",21
71,"(27, 18)",21
71,"(27, 20)",20
71,"(27, 21)",19
71,"(27, 22)",19
71,"(27, 24)",18
71,"(27, 25)",17
71,"(27, 30)",15
71,"(27, 31)",14
71,"(27, 33)",12
71,"(27, 34)",12
71,"(27, 35)",11
71,"(27, 36)",11
71,"(27, 41)",12
71,"(27, 43)",11
71,"(27, 44)",10
71,"(27, 45)",10
71,"(27, 46)",10
71,"(27, 47)",10
71,"(27, 50)",11
71,"(27, 51)",11
71,"(27, 52)",11
71,"(27, 53)",11
71,"(27, 54)",11
71,"(27, 55)",11
71,"(27, 56)",11
71,"(27, 58)",12
71,"(27, 60)",14
71,"(27, 61)",14
71,"(27, 63)",13
71,"(27, 66)",15
71,"(27, 68)",-1
71,"(27, 70)",14
71,"(27, 71)",14
71,"(27, 72)",14
71,"(27, 73)",14
71,"(27, 74)",14
71,"(27, 77)",-1
71,"(27, 81)",15
71,"(27, 86)",13
71,"(27, 87)",12
71,"(27, 89)",12
71,"(27, 91)",13
71,"(27, 92)",13
71,"(27, 93)",13
71,"(27, 95)",13
71,"(27, 96)",13
71,"(27, 97)",13
71,"(28, 4)",29
71,"(28, 9)",27
71,"(28, 10)",25
71,"(28, 11)",25
71,"(28, 12)",25
71,"(28, 14)",-1
71,"(28, 17)",21
71,"(28, 19)",20
71,"(28, 20)",20
71,"(28, 21)",19
71,"(28, 24)",18
71,"(28, 26)",17
71,"(28, 27)",17
71,"(28, 28)",16
71,"(28, 29)",15
71,"(28, 30)",15
71,"(28, 31)",14
71,"(28, 32)",13
71,"(28, 33)",12
71,"(28, 35)",12
71,"(28, 36)",12
71,"(28, 39)",13
71,"(28, 40)",13
71,"(28, 41)",12
71,"(28, 45)",10
71,"(28, 54)",11
71,"(28, 55)",11
71,"(28, 56)",11
71,"(28, 57)",11
71,"(28, 60)",14
71,"(28, 61)",14
71,"(28, 62)",14
71,"(28, 63)",14
71,"(28, 64)",15
71,"(28, 65)",15
71,"(28, 66)",15
71,"(28, 69)",14
71,"(28, 70)",14
71,"(28, 72)",14
71,"(28, 74)",14
71,"(28, 75)",14
71,"(28, 79)",16
71,"(28, 80)",15
71,"(28, 81)",14
71,"(28, 82)",14
71,"(28, 85)",13
71,"(28, 87)",13
71,"(28, 88)",13
71,"(28, 89)",13
71,"(28, 90)",13
71,"(28, 91)",13
71,"(28, 93)",13
71,"(28, 95)",13
71,"(28, 96)",14
71,"(28, 98)",14
71,"(29, 2)",29
71,"(29, 3)",28
71,"(29, 5)",27
71,"(29, 6)",27
71,"(29, 9)",26
71,"(29, 11)",24
71,"(29, 16)",22
71,"(29, 18)",21
71,"(29, 20)",20
71,"(29, 21)",20
71,"(29, 22)",20
71,"(29, 23)",20
71,"(29, 26)",18
71,"(29, 29)",16
71,"(29, 33)",13
71,"(29, 34)",12
71,"(29, 36)",12
71,"(29, 38)",13
71,"(29, 39)",13
71,"(29, 42)",12
71,"(29, 43)",12
71,"(29, 44)",11
71,"(29, 45)",12
71,"(29, 47)",-1
71,"(29, 56)",12
71,"(29, 57)",12
71,"(29, 58)",12
71,"(29, 59)",13
71,"(29, 61)",14
71,"(29, 62)",15
71,"(29, 64)",15
71,"(29, 65)",15
71,"(29, 66)",15
71,"(29, 68)",14
71,"(29, 69)",14
71,"(29, 70)",14
71,"(29, 72)",16
71,"(29, 74)",14
71,"(29, 75)",14
71,"(29, 76)",15
71,"(29, 77)",15
71,"(29, 78)",15
71,"(29, 79)",16
71,"(29, 82)",14
71,"(29, 83)",14
71,"(29, 84)",13
71,"(29, 86)",13
71,"(29, 87)",13
71,"(29, 88)",13
71,"(29, 89)",13
71,"(29, 90)",13
71,"(29, 91)",13
71,"(29, 92)",14
71,"(29, 93)",14
71,"(29, 94)",14
71,"(29, 95)",14
71,"(29, 96)",14
71,"(29, 98)",15
71,"(29, 99)",15
71,"(30, 0)",31
71,"(30, 1)",30
71,"(30, 2)",29
71,"(30, 4)",28
71,"(30, 5)",27
71,"(30, 7)",26
71,"(30, 9)",25
71,"(30, 10)",25
71,"(30, 12)",24
71,"(30, 15)",22
71,"(30, 16)",22
71,"(30, 18)",22
71,"(30, 19)",21
71,"(30, 20)",21
71,"(30, 22)",20
71,"(30, 24)",19
71,"(30, 25)",19
71,"(30, 26)",19
71,"(30, 27)",19
71,"(30, 28)",17
71,"(30, 29)",17
71,"(30, 31)",19
71,"(30, 32)",19
71,"(30, 33)",12
71,"(30, 34)",12
71,"(30, 37)",12
71,"(30, 40)",12
71,"(30, 41)",12
71,"(30, 43)",12
71,"(30, 47)",-1
71,"(30, 51)",16
71,"(30, 52)",16
71,"(30, 54)",16
71,"(30, 57)",12
71,"(30, 62)",15
71,"(30, 63)",15
71,"(30, 64)",16
71,"(30, 71)",16
71,"(30, 72)",16
71,"(30, 73)",15
71,"(30, 75)",15
71,"(30, 77)",15
71,"(30, 80)",16
71,"(30, 83)",14
71,"(30, 84)",14
71,"(30, 86)",13
71,"(30, 89)",13
71,"(30, 90)",13
71,"(30, 91)",14
71,"(30, 92)",14
71,"(30, 94)",14
71,"(31, 1)",30
71,"(31, 2)",30
71,"(31, 5)",27
71,"(31, 6)",27
71,"(31, 7)",26
71,"(31, 8)",26
71,"(31, 9)",25
71,"(31, 10)",25
71,"(31, 12)",24
71,"(31, 13)",23
71,"(31, 14)",23
71,"(31, 15)",23
71,"(31, 19)",22
71,"(31, 20)",21
71,"(31, 21)",21
71,"(31, 24)",19
71,"(31, 26)",19
71,"(31, 29)",17
71,"(31, 30)",18
71,"(31, 32)",13
71,"(31, 35)",13
71,"(31, 36)",13
71,"(31, 37)",13
71,"(31, 38)",14
71,"(31, 42)",13
71,"(31, 43)",13
71,"(31, 46)",-1
71,"(31, 48)",-1
71,"(31, 52)",15
71,"(31, 53)",16
71,"(31, 54)",16
71,"(31, 55)",16
71,"(31, 56)",13
71,"(31, 58)",16
71,"(31, 59)",16
71,"(31, 60)",16
71,"(31, 61)",15
71,"(31, 62)",15
71,"(31, 63)",15
71,"(31, 64)",15
71,"(31, 68)",17
71,"(31, 69)",17
71,"(31, 70)",16
71,"(31, 74)",16
71,"(31, 78)",19
71,"(31, 80)",17
71,"(31, 81)",17
71,"(31, 82)",17
71,"(31, 83)",14
71,"(31, 86)",13
71,"(31, 89)",14
71,"(31, 90)",14
71,"(31, 91)",14
71,"(31, 93)",15
71,"(31, 94)",15
71,"(31, 95)",15
71,"(31, 96)",16
71,"(31, 97)",16
71,"(31, 98)",16
71,"(31, 99)",17
71,"(32, 0)",29
71,"(32, 3)",30
71,"(32, 7)",26
71,"(32, 8)",26
71,"(32, 10)",25
71,"(32, 11)",24
71,"(32, 13)",23
71,"(32, 15)",23
71,"(32, 16)",23
71,"(32, 19)",22
71,"(32, 20)",21
71,"(32, 25)",20
71,"(32, 26)",19
71,"(32, 27)",19
71,"(32, 28)",18
71,"(32, 32)",14
71,"(32, 33)",14
71,"(32, 35)",14
71,"(32, 37)",14
71,"(32, 39)",14
71,"(32, 41)",13
71,"(32, 45)",-1
71,"(32, 51)",15
71,"(32, 52)",15
71,"(32, 53)",15
71,"(32, 55)",13
71,"(32, 58)",15
71,"(32, 63)",16
71,"(32, 68)",17
71,"(32, 70)",17
71,"(32, 71)",17
71,"(32, 72)",17
71,"(32, 73)",16
71,"(32, 74)",16
71,"(32, 76)",21
71,"(32, 77)",20
71,"(32, 78)",19
71,"(32, 79)",18
71,"(32, 81)",18
71,"(32, 83)",16
71,"(32, 84)",16
71,"(32, 85)",15
71,"(32, 87)",14
71,"(32, 88)",14
71,"(32, 93)",-1
71,"(32, 96)",16
71,"(32, 97)",16
71,"(32, 98)",16
71,"(32, 99)",17
71,"(33, 0)",29
71,"(33, 1)",29
71,"(33, 2)",29
71,"(33, 3)",29
71,"(33, 4)",28
71,"(33, 5)",27
71,"(33, 6)",27
71,"(33, 7)",26
71,"(33, 8)",26
71,"(33, 9)",25
71,"(33, 10)",25
71,"(33, 13)",24
71,"(33, 14)",23
71,"(33, 15)",23
71,"(33, 17)",23
71,"(33, 18)",24
71,"(33, 20)",22
71,"(33, 23)",-1
71,"(33, 25)",20
71,"(33, 28)",19
71,"(33, 29)",19
71,"(33, 31)",14
71,"(33, 32)",14
71,"(33, 35)",14
71,"(33, 39)",17
71,"(33, 41)",18
71,"(33, 47)",21
71,"(33, 53)",15
71,"(33, 54)",14
71,"(33, 55)",14
71,"(33, 57)",15
71,"(33, 59)",16
71,"(33, 60)",16
71,"(33, 61)",17
71,"(33, 62)",16
71,"(33, 63)",16
71,"(33, 71)",18
71,"(33, 73)",16
71,"(33, 74)",16
71,"(33, 78)",19
71,"(33, 83)",16
71,"(33, 84)",15
71,"(33, 86)",15
71,"(33, 89)",15
71,"(33, 90)",-1
71,"(33, 91)",-1
71,"(33, 93)",-1
71,"(33, 94)",-1
71,"(34, 0)",30
71,"(34, 1)",29
71,"(34, 2)",29
71,"(34, 3)",29
71,"(34, 7)",27
71,"(34, 12)",-1
71,"(34, 13)",24
71,"(34, 14)",24
71,"(34, 16)",23
71,"(34, 17)",24
71,"(34, 18)",23
71,"(34, 19)",24
71,"(34, 21)",24
71,"(34, 25)",21
71,"(34, 27)",19
71,"(34, 28)",19
71,"(34, 29)",19
71,"(34, 32)",15
71,"(34, 34)",14
71,"(34, 38)",16
71,"(34, 40)",17
71,"(34, 43)",20
71,"(34, 44)",20
71,"(34, 46)",20
71,"(34, 47)",20
71,"(34, 50)",22
71,"(34, 53)",15
71,"(34, 55)",14
71,"(34, 56)",14
71,"(34, 57)",15
71,"(34, 58)",15
71,"(34, 59)",16
71,"(34, 60)",16
71,"(34, 62)",17
71,"(34, 63)",17
71,"(34, 64)",17
71,"(34, 69)",-1
71,"(34, 70)",18
71,"(34, 73)",16
71,"(34, 77)",20
71,"(34, 79)",20
71,"(34, 80)",20
71,"(34, 82)",17
71,"(34, 85)",15
71,"(34, 86)",15
71,"(34, 87)",16
71,"(34, 88)",16
71,"(34, 90)",16
71,"(34, 91)",-1
71,"(34, 96)",19
71,"(34, 97)",20
71,"(34, 98)",20
71,"(34, 99)",21
71,"(35, 2)",29
71,"(35, 3)",29
71,"(35, 7)",27
71,"(35, 9)",-1
71,"(35, 10)",27
71,"(35, 15)",24
71,"(35, 16)",24
71,"(35, 18)",24
71,"(35, 19)",24
71,"(35, 20)",24
71,"(35, 21)",24
71,"(35, 23)",24
71,"(35, 24)",21
71,"(35, 25)",21
71,"(35, 30)",19
71,"(35, 35)",15
71,"(35, 36)",15
71,"(35, 37)",15
71,"(35, 39)",17
71,"(35, 41)",18
71,"(35, 42)",20
71,"(35, 43)",20
71,"(35, 47)",20
71,"(35, 49)",21
71,"(35, 51)",23
71,"(35, 52)",16
71,"(35, 56)",15
71,"(35, 58)",15
71,"(35, 59)",16
71,"(35, 70)",18
71,"(35, 74)",17
71,"(35, 77)",20
71,"(35, 81)",21
71,"(35, 83)",18
71,"(35, 87)",16
71,"(35, 88)",16
71,"(35, 90)",16
71,"(35, 93)",17
71,"(35, 94)",17
71,"(35, 96)",18
71,"(35, 97)",20
71,"(35, 99)",20
71,"(36, 0)",-1
71,"(36, 4)",28
71,"(36, 5)",28
71,"(36, 6)",28
71,"(36, 8)",28
71,"(36, 11)",26
71,"(36, 13)",25
71,"(36, 14)",24
71,"(36, 15)",24
71,"(36, 16)",24
71,"(36, 17)",25
71,"(36, 20)",23
71,"(36, 21)",23
71,"(36, 22)",23
71,"(36, 23)",24
71,"(36, 26)",21
71,"(36, 27)",19
71,"(36, 28)",19
71,"(36, 29)",19
71,"(36, 30)",19
71,"(36, 33)",16
71,"(36, 34)",15
71,"(36, 35)",16
71,"(36, 36)",16
71,"(36, 37)",15
71,"(36, 38)",16
71,"(36, 41)",19
71,"(36, 43)",20
71,"(36, 45)",21
71,"(36, 46)",20
71,"(36, 47)",20
71,"(36, 49)",20
71,"(36, 51)",17
71,"(36, 53)",16
71,"(36, 54)",16
71,"(36, 55)",15
71,"(36, 58)",16
71,"(36, 60)",16
71,"(36, 61)",-1
71,"(36, 65)",-1
71,"(36, 69)",19
71,"(36, 71)",19
71,"(36, 72)",20
71,"(36, 77)",21
71,"(36, 78)",21
71,"(36, 80)",21
71,"(36, 84)",18
71,"(36, 87)",16
71,"(36, 88)",16
71,"(36, 89)",17
71,"(36, 90)",17
71,"(36, 91)",17
71,"(36, 92)",17
71,"(36, 93)",17
71,"(36, 94)",17
71,"(36, 95)",18
71,"(36, 96)",19
71,"(36, 97)",19
71,"(36, 98)",19
71,"(37, 0)",-1
71,"(37, 3)",29
71,"(37, 4)",28
71,"(37, 5)",28
71,"(37, 11)",26
71,"(37, 13)",25
71,"(37, 14)",24
71,"(37, 20)",23
71,"(37, 21)",23
71,"(37, 22)",23
71,"(37, 23)",22
71,"(37, 24)",21
71,"(37, 25)",20
71,"(37, 26)",20
71,"(37, 28)",18
71,"(37, 29)",18
71,"(37, 30)",18
71,"(37, 31)",18
71,"(37, 33)",16
71,"(37, 34)",16
71,"(37, 36)",16
71,"(37, 37)",16
71,"(37, 38)",16
71,"(37, 41)",20
71,"(37, 42)",20
71,"(37, 44)",20
71,"(37, 46)",20
71,"(37, 48)",20
71,"(37, 52)",17
71,"(37, 53)",17
71,"(37, 54)",16
71,"(37, 55)",16
71,"(37, 57)",16
71,"(37, 58)",16
71,"(37, 62)",18
71,"(37, 64)",-1
71,"(37, 67)",20
71,"(37, 68)",19
71,"(37, 70)",19
71,"(37, 72)",19
71,"(37, 77)",21
71,"(37, 78)",21
71,"(37, 79)",21
71,"(37, 81)",-1
71,"(37, 82)",19
71,"(37, 83)",19
71,"(37, 84)",18
71,"(37, 85)",18
71,"(37, 87)",17
71,"(37, 88)",17
71,"(37, 89)",17
71,"(37, 92)",17
71,"(37, 96)",18
71,"(37, 97)",19
71,"(37, 98)",20
71,"(37, 99)",20
71,"(38, 3)",29
71,"(38, 5)",28
71,"(38, 6)",28
71,"(38, 8)",-1
71,"(38, 10)",26
71,"(38, 11)",25
71,"(38, 12)",25
71,"(38, 13)",25
71,"(38, 16)",-1
71,"(38, 22)",22
71,"(38, 26)",19
71,"(38, 28)",18
71,"(38, 29)",18
71,"(38, 30)",17
71,"(38, 34)",16
71,"(38, 35)",16
71,"(38, 36)",17
71,"(38, 37)",17
71,"(38, 38)",17
71,"(38, 39)",-1
71,"(38, 42)",20
71,"(38, 45)",21
71,"(38, 47)",20
71,"(38, 48)",19
71,"(38, 50)",18
71,"(38, 51)",17
71,"(38, 52)",17
71,"(38, 53)",16
71,"(38, 59)",17
71,"(38, 60)",18
71,"(38, 61)",18
71,"(38, 67)",20
71,"(38, 69)",19
71,"(38, 71)",19
71,"(38, 73)",20
71,"(38, 74)",20
71,"(38, 75)",20
71,"(38, 79)",21
71,"(38, 86)",17
71,"(38, 87)",17
71,"(38, 89)",17
71,"(38, 90)",18
71,"(38, 94)",19
71,"(38, 95)",19
71,"(38, 96)",19
71,"(38, 98)",19
71,"(38, 99)",20
71,"(39, 0)",-1
71,"(39, 1)",-1
71,"(39, 4)",29
71,"(39, 5)",28
71,"(39, 12)",25
71,"(39, 19)",-1
71,"(39, 20)",-1
71,"(39, 21)",23
71,"(39, 23)",23
71,"(39, 24)",20
71,"(39, 27)",19
71,"(39, 28)",18
71,"(39, 30)",18
71,"(39, 31)",16
71,"(39, 33)",16
71,"(39, 34)",16
71,"(39, 35)",16
71,"(39, 36)",17
71,"(39, 38)",17
71,"(39, 41)",20
71,"(39, 46)",20
71,"(39, 48)",19
71,"(39, 49)",19
71,"(39, 52)",17
71,"(39, 55)",20
71,"(39, 56)",-1
71,"(39, 60)",18
71,"(39, 63)",20
71,"(39, 64)",20
71,"(39, 65)",20
71,"(39, 69)",20
71,"(39, 70)",20
71,"(39, 71)",20
71,"(39, 74)",20
71,"(39, 75)",20
71,"(39, 76)",21
71,"(39, 78)",21
71,"(39, 79)",21
71,"(39, 81)",22
71,"(39, 82)",23
71,"(39, 83)",24
71,"(39, 84)",19
71,"(39, 85)",18
71,"(39, 87)",18
71,"(39, 88)",18
71,"(39, 89)",18
71,"(39, 90)",18
71,"(39, 91)",18
71,"(39, 92)",19
71,"(39, 94)",19
71,"(39, 95)",19
71,"(39, 96)",20
71,"(39, 98)",20
71,"(40, 0)",-1
71,"(40, 1)",-1
71,"(40, 3)",29
71,"(40, 4)",29
71,"(40, 6)",29
71,"(40, 8)",26
71,"(40, 10)",26
71,"(40, 12)",25
71,"(40, 14)",25
71,"(40, 15)",25
71,"(40, 16)",25
71,"(40, 17)",25
71,"(40, 21)",-1
71,"(40, 24)",20
71,"(40, 25)",19
71,"(40, 26)",19
71,"(40, 28)",19
71,"(40, 29)",18
71,"(40, 32)",16
71,"(40, 34)",16
71,"(40, 35)",17
71,"(40, 36)",17
71,"(40, 37)",17
71,"(40, 39)",17
71,"(40, 44)",21
71,"(40, 45)",21
71,"(40, 46)",21
71,"(40, 49)",19
71,"(40, 50)",19
71,"(40, 53)",18
71,"(40, 54)",19
71,"(40, 56)",20
71,"(40, 59)",19
71,"(40, 60)",18
71,"(40, 62)",19
71,"(40, 63)",19
71,"(40, 64)",20
71,"(40, 65)",20
71,"(40, 67)",-1
71,"(40, 70)",20
71,"(40, 72)",20
71,"(40, 73)",21
71,"(40, 75)",21
71,"(40, 76)",21
71,"(40, 77)",21
71,"(40, 78)",21
71,"(40, 80)",21
71,"(40, 81)",22
71,"(40, 85)",19
71,"(40, 87)",18
71,"(40, 88)",19
71,"(40, 89)",18
71,"(40, 90)",18
71,"(40, 91)",18
71,"(40, 92)",19
71,"(40, 93)",19
71,"(40, 96)",20
71,"(40, 97)",20
71,"(40, 99)",20
71,"(41, 2)",-1
71,"(41, 5)",29
71,"(41, 6)",29
71,"(41, 9)",26
71,"(41, 10)",26
71,"(41, 11)",25
71,"(41, 12)",25
71,"(41, 13)",25
71,"(41, 14)",25
71,"(41, 15)",25
71,"(41, 16)",25
71,"(41, 17)",24
71,"(41, 19)",23
71,"(41, 20)",23
71,"(41, 22)",21
71,"(41, 23)",20
71,"(41, 25)",19
71,"(41, 26)",19
71,"(41, 29)",19
71,"(41, 31)",16
71,"(41, 35)",17
71,"(41, 36)",17
71,"(41, 37)",18
71,"(41, 38)",18
71,"(41, 42)",22
71,"(41, 43)",21
71,"(41, 44)",21
71,"(41, 45)",21
71,"(41, 47)",-1
71,"(41, 54)",18
71,"(41, 55)",19
71,"(41, 56)",19
71,"(41, 58)",19
71,"(41, 59)",19
71,"(41, 61)",19
71,"(41, 62)",19
71,"(41, 69)",20
71,"(41, 71)",22
71,"(41, 74)",21
71,"(41, 75)",21
71,"(41, 76)",21
71,"(41, 77)",22
71,"(41, 79)",22
71,"(41, 83)",-1
71,"(41, 84)",-1
71,"(41, 86)",19
71,"(41, 87)",19
71,"(41, 89)",19
71,"(41, 90)",18
71,"(41, 91)",18
71,"(41, 93)",19
71,"(41, 94)",19
71,"(41, 97)",21
71,"(41, 99)",21
71,"(42, 1)",33
71,"(42, 5)",30
71,"(42, 8)",26
71,"(42, 11)",25
71,"(42, 13)",25
71,"(42, 15)",25
71,"(42, 18)",23
71,"(42, 19)",23
71,"(42, 20)",23
71,"(42, 21)",22
71,"(42, 24)",20
71,"(42, 25)",20
71,"(42, 26)",20
71,"(42, 28)",20
71,"(42, 32)",17
71,"(42, 33)",18
71,"(42, 34)",17
71,"(42, 35)",17
71,"(42, 36)",17
71,"(42, 37)",17
71,"(42, 40)",20
71,"(42, 42)",22
71,"(42, 43)",22
71,"(42, 49)",22
71,"(42, 50)",22
71,"(42, 51)",22
71,"(42, 54)",19
71,"(42, 55)",19
71,"(42, 56)",19
71,"(42, 57)",19
71,"(42, 62)",19
71,"(42, 63)",19
71,"(42, 65)",21
71,"(42, 68)",21
71,"(42, 69)",22
71,"(42, 70)",21
71,"(42, 71)",22
71,"(42, 72)",22
71,"(42, 75)",22
71,"(42, 82)",-1
71,"(42, 84)",-1
71,"(42, 86)",19
71,"(42, 88)",20
71,"(42, 89)",19
71,"(42, 90)",19
71,"(42, 91)",19
71,"(42, 92)",19
71,"(42, 93)",19
71,"(42, 94)",19
71,"(42, 99)",21
71,"(43, 0)",32
71,"(43, 1)",32
71,"(43, 3)",32
71,"(43, 4)",31
71,"(43, 5)",31
71,"(43, 6)",30
71,"(43, 7)",29
71,"(43, 10)",27
71,"(43, 11)",26
71,"(43, 12)",26
71,"(43, 13)",26
71,"(43, 14)",24
71,"(43, 15)",24
71,"(43, 16)",24
71,"(43, 17)",23
71,"(43, 18)",23
71,"(43, 19)",23
71,"(43, 20)",23
71,"(43, 21)",23
71,"(43, 22)",23
71,"(43, 23)",-1
71,"(43, 26)",20
71,"(43, 27)",20
71,"(43, 28)",19
71,"(43, 31)",18
71,"(43, 32)",18
71,"(43, 35)",17
71,"(43, 37)",18
71,"(43, 38)",18
71,"(43, 39)",19
71,"(43, 40)",20
71,"(43, 43)",21
71,"(43, 44)",22
71,"(43, 47)",23
71,"(43, 48)",23
71,"(43, 49)",22
71,"(43, 50)",22
71,"(43, 51)",21
71,"(43, 52)",20
71,"(43, 54)",20
71,"(43, 55)",20
71,"(43, 57)",19
71,"(43, 61)",19
71,"(43, 64)",20
71,"(43, 65)",20
71,"(43, 66)",21
71,"(43, 68)",22
71,"(43, 69)",22
71,"(43, 71)",22
71,"(43, 72)",23
71,"(43, 73)",23
71,"(43, 75)",-1
71,"(43, 77)",-1
71,"(43, 78)",-1
71,"(43, 82)",-1
71,"(43, 83)",-1
71,"(43, 85)",19
71,"(43, 87)",19
71,"(43, 93)",20
71,"(43, 95)",22
71,"(43, 96)",22
71,"(44, 1)",32
71,"(44, 2)",32
71,"(44, 3)",32
71,"(44, 5)",31
71,"(44, 6)",30
71,"(44, 8)",28
71,"(44, 9)",29
71,"(44, 11)",27
71,"(44, 12)",27
71,"(44, 15)",24
71,"(44, 17)",23
71,"(44, 18)",23
71,"(44, 20)",23
71,"(44, 28)",19
71,"(44, 30)",18
71,"(44, 35)",23
71,"(44, 37)",18
71,"(44, 40)",20
71,"(44, 41)",20
71,"(44, 42)",20
71,"(44, 43)",21
71,"(44, 44)",22
71,"(44, 48)",23
71,"(44, 50)",22
71,"(44, 51)",21
71,"(44, 53)",20
71,"(44, 54)",20
71,"(44, 55)",20
71,"(44, 56)",20
71,"(44, 57)",20
71,"(44, 58)",20
71,"(44, 59)",20
71,"(44, 60)",20
71,"(44, 61)",20
71,"(44, 62)",20
71,"(44, 66)",21
71,"(44, 70)",23
71,"(44, 72)",23
71,"(44, 73)",24
71,"(44, 76)",-1
71,"(44, 77)",-1
71,"(44, 79)",-1
71,"(44, 82)",-1
71,"(44, 83)",-1
71,"(44, 85)",25
71,"(44, 90)",23
71,"(44, 91)",23
71,"(44, 93)",21
71,"(44, 94)",20
71,"(44, 95)",21
71,"(44, 96)",22
71,"(44, 97)",23
71,"(44, 99)",-1
71,"(45, 0)",32
71,"(45, 1)",32
71,"(45, 3)",32
71,"(45, 4)",31
71,"(45, 6)",31
71,"(45, 8)",28
71,"(45, 10)",27
71,"(45, 11)",27
71,"(45, 12)",26
71,"(45, 13)",25
71,"(45, 14)",24
71,"(45, 16)",24
71,"(45, 19)",23
71,"(45, 20)",23
71,"(45, 23)",24
71,"(45, 24)",23
71,"(45, 25)",23
71,"(45, 29)",19
71,"(45, 30)",19
71,"(45, 31)",19
71,"(45, 33)",23
71,"(45, 34)",22
71,"(45, 39)",20
71,"(45, 40)",20
71,"(45, 41)",20
71,"(45, 42)",21
71,"(45, 43)",21
71,"(45, 45)",22
71,"(45, 47)",24
71,"(45, 49)",24
71,"(45, 52)",21
71,"(45, 53)",20
71,"(45, 57)",20
71,"(45, 61)",20
71,"(45, 62)",20
71,"(45, 63)",20
71,"(45, 64)",21
71,"(45, 65)",21
71,"(45, 66)",21
71,"(45, 68)",25
71,"(45, 69)",24
71,"(45, 70)",24
71,"(45, 71)",24
71,"(45, 73)",25
71,"(45, 75)",-1
71,"(45, 76)",-1
71,"(45, 79)",-1
71,"(45, 81)",-1
71,"(45, 83)",-1
71,"(45, 86)",24
71,"(45, 89)",23
71,"(45, 90)",23
71,"(45, 92)",22
71,"(45, 94)",21
71,"(45, 95)",22
71,"(45, 96)",22
71,"(45, 98)",-1
71,"(45, 99)",-1
71,"(46, 0)",33
71,"(46, 2)",32
71,"(46, 6)",32
71,"(46, 7)",31
71,"(46, 9)",28
71,"(46, 11)",27
71,"(46, 12)",26
71,"(46, 14)",25
71,"(46, 15)",25
71,"(46, 18)",24
71,"(46, 20)",23
71,"(46, 24)",23
71,"(46, 25)",23
71,"(46, 26)",23
71,"(46, 27)",22
71,"(46, 29)",19
71,"(46, 30)",20
71,"(46, 31)",19
71,"(46, 34)",22
71,"(46, 35)",22
71,"(46, 36)",22
71,"(46, 37)",22
71,"(46, 38)",21
71,"(46, 39)",20
71,"(46, 41)",20
71,"(46, 42)",21
71,"(46, 43)",22
71,"(46, 45)",22
71,"(46, 47)",24
71,"(46, 52)",22
71,"(46, 54)",22
71,"(46, 55)",22
71,"(46, 56)",21
71,"(46, 59)",21
71,"(46, 60)",20
71,"(46, 62)",20
71,"(46, 64)",21
71,"(46, 65)",21
71,"(46, 70)",25
71,"(46, 71)",25
71,"(46, 74)",-1
71,"(46, 77)",-1
71,"(46, 81)",-1
71,"(46, 83)",-1
71,"(46, 86)",24
71,"(46, 87)",24
71,"(46, 88)",24
71,"(46, 89)",24
71,"(46, 91)",23
71,"(46, 92)",22
71,"(46, 93)",22
71,"(46, 95)",23
71,"(47, 0)",34
71,"(47, 1)",34
71,"(47, 2)",33
71,"(47, 4)",34
71,"(47, 5)",33
71,"(47, 11)",27
71,"(47, 12)",27
71,"(47, 14)",25
71,"(47, 15)",25
71,"(47, 19)",24
71,"(47, 20)",24
71,"(47, 21)",24
71,"(47, 24)",23
71,"(47, 26)",22
71,"(47, 27)",22
71,"(47, 28)",21
71,"(47, 29)",20
71,"(47, 36)",22
71,"(47, 37)",22
71,"(47, 38)",21
71,"(47, 39)",22
71,"(47, 43)",22
71,"(47, 45)",23
71,"(47, 46)",23
71,"(47, 47)",25
71,"(47, 50)",24
71,"(47, 51)",23
71,"(47, 52)",22
71,"(47, 53)",22
71,"(47, 54)",22
71,"(47, 55)",22
71,"(47, 56)",22
71,"(47, 57)",22
71,"(47, 59)",21
71,"(47, 61)",21
71,"(47, 62)",21
71,"(47, 64)",21
71,"(47, 66)",28
71,"(47, 68)",26
71,"(47, 69)",26
71,"(47, 70)",25
71,"(47, 73)",-1
71,"(47, 74)",-1
71,"(47, 75)",-1
71,"(47, 77)",-1
71,"(47, 82)",-1
71,"(47, 84)",36
71,"(47, 87)",24
71,"(47, 88)",24
71,"(47, 89)",24
71,"(47, 90)",23
71,"(47, 92)",22
71,"(47, 93)",23
71,"(47, 95)",24
71,"(47, 99)",-1
71,"(48, 1)",34
71,"(48, 3)",34
71,"(48, 5)",35
71,"(48, 6)",34
71,"(48, 7)",34
71,"(48, 9)",29
71,"(48, 10)",28
71,"(48, 12)",28
71,"(48, 17)",32
71,"(48, 21)",24
71,"(48, 22)",24
71,"(48, 23)",23
71,"(48, 25)",23
71,"(48, 26)",23
71,"(48, 28)",21
71,"(48, 31)",24
71,"(48, 32)",25
71,"(48, 33)",25
71,"(48, 36)",22
71,"(48, 38)",22
71,"(48, 44)",23
71,"(48, 45)",24
71,"(48, 46)",24
71,"(48, 50)",24
71,"(48, 51)",23
71,"(48, 52)",23
71,"(48, 53)",22
71,"(48, 57)",22
71,"(48, 59)",-1
71,"(48, 62)",21
71,"(48, 66)",27
71,"(48, 68)",27
71,"(48, 71)",-1
71,"(48, 72)",-1
71,"(48, 75)",-1
71,"(48, 77)",-1
71,"(48, 79)",36
71,"(48, 80)",36
71,"(48, 83)",35
71,"(48, 85)",25
71,"(48, 87)",24
71,"(48, 88)",24
71,"(48, 90)",-1
71,"(48, 91)",23
71,"(48, 93)",23
71,"(48, 95)",25
71,"(48, 97)",-1
71,"(48, 99)",-1
71,"(49, 1)",34
71,"(49, 2)",34
71,"(49, 6)",34
71,"(49, 10)",28
71,"(49, 11)",28
71,"(49, 12)",29
71,"(49, 13)",29
71,"(49, 14)",30
71,"(49, 15)",31
71,"(49, 16)",31
71,"(49, 18)",32
71,"(49, 21)",24
71,"(49, 23)",24
71,"(49, 26)",23
71,"(49, 28)",22
71,"(49, 29)",22
71,"(49, 30)",23
71,"(49, 31)",24
71,"(49, 32)",24
71,"(49, 33)",25
71,"(49, 34)",26
71,"(49, 36)",28
71,"(49, 40)",26
71,"(49, 41)",25
71,"(49, 42)",24
71,"(49, 43)",24
71,"(49, 47)",25
71,"(49, 48)",25
71,"(49, 50)",24
71,"(49, 51)",23
71,"(49, 52)",23
71,"(49, 53)",23
71,"(49, 54)",23
71,"(49, 57)",25
71,"(49, 59)",22
71,"(49, 61)",21
71,"(49, 65)",27
71,"(49, 66)",27
71,"(49, 70)",-1
71,"(49, 75)",-1
71,"(49, 77)",-1
71,"(49, 79)",36
71,"(49, 80)",35
71,"(49, 81)",35
71,"(49, 83)",35
71,"(49, 86)",24
71,"(49, 88)",24
71,"(49, 93)",24
71,"(49, 94)",24
71,"(49, 97)",-1
71,"(50, 1)",35
71,"(50, 2)",35
71,"(50, 4)",35
71,"(50, 5)",35
71,"(50, 6)",34
71,"(50, 7)",34
71,"(50, 10)",29
71,"(50, 12)",29
71,"(50, 13)",29
71,"(50, 15)",31
71,"(50, 16)",31
71,"(50, 21)",-1
71,"(50, 23)",25
71,"(50, 26)",23
71,"(50, 28)",23
71,"(50, 29)",23
71,"(50, 30)",23
71,"(50, 31)",24
71,"(50, 34)",26
71,"(50, 35)",27
71,"(50, 37)",27
71,"(50, 39)",26
71,"(50, 40)",26
71,"(50, 42)",24
71,"(50, 43)",24
71,"(50, 44)",24
71,"(50, 45)",-1
71,"(50, 53)",24
71,"(50, 54)",24
71,"(50, 55)",24
71,"(50, 56)",24
71,"(50, 60)",22
71,"(50, 61)",21
71,"(50, 63)",26
71,"(50, 64)",26
71,"(50, 67)",27
71,"(50, 68)",28
71,"(50, 71)",30
71,"(50, 72)",30
71,"(50, 81)",35
71,"(50, 83)",35
71,"(50, 84)",35
71,"(50, 85)",35
71,"(50, 86)",-1
71,"(50, 91)",-1
71,"(50, 96)",-1
71,"(50, 97)",-1
71,"(50, 98)",-1
71,"(51, 0)",35
71,"(51, 1)",35
71,"(51, 4)",36
71,"(51, 7)",34
71,"(51, 8)",33
71,"(51, 9)",33
71,"(51, 12)",30
71,"(51, 14)",30
71,"(51, 15)",31
71,"(51, 16)",31
71,"(51, 18)",33
71,"(51, 20)",-1
71,"(51, 21)",-1
71,"(51, 24)",24
71,"(51, 25)",23
71,"(51, 28)",23
71,"(51, 30)",23
71,"(51, 32)",24
71,"(51, 34)",27
71,"(51, 35)",27
71,"(51, 36)",27
71,"(51, 37)",27
71,"(51, 38)",26
71,"(51, 39)",26
71,"(51, 41)",26
71,"(51, 46)",-1
71,"(51, 47)",28
71,"(51, 48)",28
71,"(51, 50)",27
71,"(51, 51)",26
71,"(51, 52)",25
71,"(51, 55)",24
71,"(51, 56)",24
71,"(51, 58)",-1
71,"(51, 59)",22
71,"(51, 61)",24
71,"(51, 63)",26
71,"(51, 65)",27
71,"(51, 67)",28
71,"(51, 69)",29
71,"(51, 70)",29
71,"(51, 71)",30
71,"(51, 72)",30
71,"(51, 74)",33
71,"(51, 76)",-1
71,"(51, 78)",34
71,"(51, 80)",34
71,"(51, 82)",35
71,"(51, 83)",35
71,"(51, 88)",38
71,"(51, 90)",-1
71,"(51, 91)",-1
71,"(51, 94)",-1
71,"(51, 95)",-1
71,"(51, 96)",-1
71,"(51, 99)",-1
71,"(52, 1)",35
71,"(52, 2)",35
71,"(52, 3)",36
71,"(52, 9)",32
71,"(52, 10)",32
71,"(52, 11)",31
71,"(52, 13)",31
71,"(52, 16)",31
71,"(52, 18)",33
71,"(52, 23)",25
71,"(52, 24)",24
71,"(52, 26)",24
71,"(52, 27)",24
71,"(52, 28)",24
71,"(52, 29)",24
71,"(52, 32)",25
71,"(52, 36)",27
71,"(52, 37)",27
71,"(52, 39)",26
71,"(52, 40)",26
71,"(52, 41)",26
71,"(52, 43)",35
71,"(52, 44)",35
71,"(52, 49)",27
71,"(52, 50)",27
71,"(52, 52)",26
71,"(52, 55)",25
71,"(52, 56)",25
71,"(52, 60)",23
71,"(52, 62)",25
71,"(52, 63)",26
71,"(52, 65)",27
71,"(52, 66)",27
71,"(52, 68)",29
71,"(52, 69)",29
71,"(52, 70)",29
71,"(52, 71)",30
71,"(52, 74)",32
71,"(52, 78)",34
71,"(52, 79)",34
71,"(52, 80)",34
71,"(52, 81)",35
71,"(52, 82)",35
71,"(52, 85)",36
71,"(52, 87)",38
71,"(52, 88)",38
71,"(52, 92)",41
71,"(52, 93)",41
71,"(52, 95)",-1
71,"(52, 98)",-1
71,"(52, 99)",-1
71,"(53, 0)",36
71,"(53, 1)",36
71,"(53, 2)",36
71,"(53, 3)",36
71,"(53, 9)",33
71,"(53, 10)",31
71,"(53, 12)",31
71,"(53, 13)",31
71,"(53, 14)",31
71,"(53, 17)",32
71,"(53, 19)",33
71,"(53, 20)",33
71,"(53, 21)",-1
71,"(53, 26)",25
71,"(53, 28)",24
71,"(53, 29)",24
71,"(53, 30)",24
71,"(53, 31)",24
71,"(53, 32)",25
71,"(53, 33)",25
71,"(53, 36)",28
71,"(53, 38)",-1
71,"(53, 42)",34
71,"(53, 44)",34
71,"(53, 48)",28
71,"(53, 49)",27
71,"(53, 50)",28
71,"(53, 55)",25
71,"(53, 56)",25
71,"(53, 58)",27
71,"(53, 61)",24
71,"(53, 65)",28
71,"(53, 69)",29
71,"(53, 70)",29
71,"(53, 72)",30
71,"(53, 73)",31
71,"(53, 74)",31
71,"(53, 76)",33
71,"(53, 77)",33
71,"(53, 78)",34
71,"(53, 80)",34
71,"(53, 81)",35
71,"(53, 82)",35
71,"(53, 83)",35
71,"(53, 84)",35
71,"(53, 85)",36
71,"(53, 87)",37
71,"(53, 88)",37
71,"(53, 90)",38
71,"(53, 93)",40
71,"(53, 97)",-1
71,"(53, 99)",-1
71,"(54, 2)",36
71,"(54, 4)",36
71,"(54, 7)",-1
71,"(54, 8)",-1
71,"(54, 9)",32
71,"(54, 12)",32
71,"(54, 13)",31
71,"(54, 14)",31
71,"(54, 16)",32
71,"(54, 18)",32
71,"(54, 19)",32
71,"(54, 22)",-1
71,"(54, 23)",-1
71,"(54, 25)",25
71,"(54, 28)",24
71,"(54, 29)",24
71,"(54, 33)",26
71,"(54, 34)",26
71,"(54, 37)",-1
71,"(54, 43)",33
71,"(54, 45)",35
71,"(54, 46)",30
71,"(54, 48)",28
71,"(54, 55)",26
71,"(54, 57)",26
71,"(54, 60)",30
71,"(54, 62)",29
71,"(54, 63)",28
71,"(54, 64)",28
71,"(54, 65)",28
71,"(54, 68)",29
71,"(54, 71)",31
71,"(54, 74)",32
71,"(54, 75)",32
71,"(54, 80)",35
71,"(54, 82)",35
71,"(54, 84)",35
71,"(54, 85)",36
71,"(54, 86)",36
71,"(54, 87)",37
71,"(54, 88)",37
71,"(54, 89)",38
71,"(54, 91)",39
71,"(54, 92)",40
71,"(54, 94)",41
71,"(54, 97)",-1
71,"(54, 98)",-1
71,"(55, 4)",37
71,"(55, 7)",-1
71,"(55, 8)",-1
71,"(55, 12)",32
71,"(55, 13)",32
71,"(55, 14)",31
71,"(55, 15)",31
71,"(55, 16)",32
71,"(55, 20)",32
71,"(55, 24)",26
71,"(55, 25)",26
71,"(55, 29)",25
71,"(55, 31)",25
71,"(55, 32)",26
71,"(55, 33)",26
71,"(55, 34)",27
71,"(55, 37)",35
71,"(55, 40)",32
71,"(55, 41)",32
71,"(55, 42)",32
71,"(55, 43)",32
71,"(55, 47)",29
71,"(55, 48)",30
71,"(55, 50)",28
71,"(55, 53)",27
71,"(55, 54)",27
71,"(55, 55)",27
71,"(55, 56)",27
71,"(55, 57)",27
71,"(55, 58)",27
71,"(55, 60)",30
71,"(55, 61)",29
71,"(55, 62)",29
71,"(55, 63)",28
71,"(55, 64)",28
71,"(55, 65)",28
71,"(55, 66)",28
71,"(55, 70)",31
71,"(55, 71)",31
71,"(55, 76)",33
71,"(55, 77)",34
71,"(55, 79)",35
71,"(55, 81)",35
71,"(55, 82)",36
71,"(55, 84)",37
71,"(55, 85)",36
71,"(55, 88)",37
71,"(55, 89)",38
71,"(55, 94)",-1
71,"(55, 98)",-1
71,"(56, 0)",40
71,"(56, 3)",37
71,"(56, 4)",37
71,"(56, 10)",33
71,"(56, 11)",32
71,"(56, 12)",33
71,"(56, 16)",32
71,"(56, 19)",-1
71,"(56, 20)",31
71,"(56, 21)",31
71,"(56, 23)",26
71,"(56, 25)",26
71,"(56, 26)",27
71,"(56, 29)",25
71,"(56, 30)",25
71,"(56, 34)",27
71,"(56, 35)",27
71,"(56, 37)",34
71,"(56, 39)",33
71,"(56, 41)",32
71,"(56, 42)",32
71,"(56, 44)",30
71,"(56, 45)",30
71,"(56, 48)",29
71,"(56, 50)",28
71,"(56, 51)",27
71,"(56, 52)",27
71,"(56, 53)",27
71,"(56, 55)",27
71,"(56, 58)",27
71,"(56, 61)",30
71,"(56, 66)",29
71,"(56, 67)",29
71,"(56, 68)",30
71,"(56, 70)",31
71,"(56, 75)",34
71,"(56, 76)",34
71,"(56, 77)",34
71,"(56, 78)",35
71,"(56, 79)",34
71,"(56, 80)",34
71,"(56, 83)",38
71,"(56, 84)",38
71,"(56, 86)",41
71,"(56, 87)",41
71,"(56, 88)",38
71,"(56, 92)",-1
71,"(56, 93)",-1
71,"(56, 94)",-1
71,"(56, 95)",-1
71,"(56, 96)",-1
71,"(56, 97)",-1
71,"(56, 98)",-1
71,"(57, 0)",40
71,"(57, 3)",38
71,"(57, 5)",37
71,"(57, 6)",36
71,"(57, 10)",33
71,"(57, 11)",34
71,"(57, 12)",33
71,"(57, 13)",33
71,"(57, 15)",33
71,"(57, 17)",33
71,"(57, 20)",30
71,"(57, 24)",27
71,"(57, 26)",27
71,"(57, 28)",-1
71,"(57, 31)",-1
71,"(57, 34)",27
71,"(57, 38)",34
71,"(57, 41)",32
71,"(57, 42)",31
71,"(57, 43)",30
71,"(57, 44)",30
71,"(57, 45)",30
71,"(57, 46)",30
71,"(57, 47)",29
71,"(57, 48)",29
71,"(57, 49)",28
71,"(57, 50)",28
71,"(57, 52)",27
71,"(57, 53)",27
71,"(57, 54)",27
71,"(57, 55)",27
71,"(57, 56)",27
71,"(57, 57)",-1
71,"(57, 59)",31
71,"(57, 60)",30
71,"(57, 61)",31
71,"(57, 64)",30
71,"(57, 65)",30
71,"(57, 66)",30
71,"(57, 67)",30
71,"(57, 69)",31
71,"(57, 72)",32
71,"(57, 73)",33
71,"(57, 74)",34
71,"(57, 75)",34
71,"(57, 77)",34
71,"(57, 78)",34
71,"(57, 80)",34
71,"(57, 83)",38
71,"(57, 86)",40
71,"(57, 90)",-1
71,"(57, 91)",-1
71,"(57, 93)",-1
71,"(57, 94)",-1
71,"(57, 96)",-1
71,"(57, 98)",-1
71,"(57, 99)",-1
71,"(58, 0)",40
71,"(58, 1)",40
71,"(58, 6)",36
71,"(58, 7)",36
71,"(58, 8)",35
71,"(58, 9)",34
71,"(58, 10)",34
71,"(58, 11)",34
71,"(58, 14)",33
71,"(58, 15)",33
71,"(58, 20)",31
71,"(58, 21)",30
71,"(58, 22)",29
71,"(58, 24)",28
71,"(58, 25)",27
71,"(58, 26)",27
71,"(58, 28)",-1
71,"(58, 29)",-1
71,"(58, 30)",-1
71,"(58, 33)",28
71,"(58, 35)",28
71,"(58, 36)",28
71,"(58, 37)",29
71,"(58, 40)",32
71,"(58, 42)",31
71,"(58, 43)",30
71,"(58, 48)",29
71,"(58, 50)",28
71,"(58, 51)",27
71,"(58, 52)",27
71,"(58, 53)",27
71,"(58, 59)",31
71,"(58, 60)",31
71,"(58, 62)",35
71,"(58, 68)",31
71,"(58, 69)",31
71,"(58, 70)",31
71,"(58, 71)",32
71,"(58, 73)",33
71,"(58, 74)",34
71,"(58, 75)",35
71,"(58, 76)",35
71,"(58, 77)",35
71,"(58, 79)",34
71,"(58, 80)",35
71,"(58, 81)",38
71,"(58, 82)",38
71,"(58, 83)",38
71,"(58, 84)",38
71,"(58, 85)",39
71,"(58, 86)",40
71,"(58, 87)",40
71,"(58, 88)",40
71,"(58, 90)",-1
71,"(58, 91)",-1
71,"(58, 92)",-1
71,"(58, 94)",-1
71,"(58, 95)",-1
71,"(58, 98)",-1
71,"(58, 99)",-1
71,"(59, 1)",39
71,"(59, 2)",40
71,"(59, 3)",38
71,"(59, 4)",37
71,"(59, 6)",36
71,"(59, 7)",36
71,"(59, 8)",35
71,"(59, 10)",34
71,"(59, 13)",33
71,"(59, 14)",33
71,"(59, 15)",33
71,"(59, 18)",32
71,"(59, 19)",31
71,"(59, 22)",29
71,"(59, 23)",29
71,"(59, 25)",28
71,"(59, 26)",28
71,"(59, 28)",-1
71,"(59, 30)",-1
71,"(59, 34)",28
71,"(59, 35)",28
71,"(59, 37)",29
71,"(59, 38)",30
71,"(59, 40)",32
71,"(59, 41)",32
71,"(59, 44)",31
71,"(59, 45)",44
71,"(59, 49)",28
71,"(59, 51)",28
71,"(59, 53)",28
71,"(59, 58)",32
71,"(59, 61)",34
71,"(59, 62)",34
71,"(59, 68)",32
71,"(59, 69)",32
71,"(59, 73)",34
71,"(59, 74)",34
71,"(59, 75)",35
71,"(59, 80)",35
71,"(59, 81)",37
71,"(59, 82)",38
71,"(59, 85)",39
71,"(59, 87)",40
71,"(59, 88)",40
71,"(59, 90)",-1
71,"(59, 91)",-1
71,"(59, 92)",-1
71,"(59, 93)",-1
71,"(59, 94)",-1
71,"(59, 99)",-1
71,"(60, 2)",39
71,"(60, 4)",37
71,"(60, 5)",36
71,"(60, 8)",36
71,"(60, 11)",34
71,"(60, 14)",33
71,"(60, 15)",33
71,"(60, 17)",32
71,"(60, 18)",32
71,"(60, 19)",32
71,"(60, 24)",28
71,"(60, 25)",28
71,"(60, 26)",28
71,"(60, 33)",28
71,"(60, 34)",28
71,"(60, 35)",28
71,"(60, 37)",30
71,"(60, 38)",30
71,"(60, 40)",31
71,"(60, 46)",43
71,"(60, 47)",43
71,"(60, 55)",37
71,"(60, 59)",32
71,"(60, 61)",33
71,"(60, 64)",35
71,"(60, 65)",34
71,"(60, 67)",33
71,"(60, 69)",33
71,"(60, 70)",33
71,"(60, 72)",35
71,"(60, 74)",35
71,"(60, 75)",35
71,"(60, 77)",36
71,"(60, 79)",36
71,"(60, 80)",36
71,"(60, 82)",42
71,"(60, 84)",40
71,"(60, 85)",41
71,"(60, 86)",40
71,"(60, 87)",41
71,"(60, 92)",-1
71,"(60, 93)",-1
71,"(60, 94)",-1
71,"(60, 96)",-1
71,"(60, 97)",-1
71,"(61, 2)",39
71,"(61, 3)",38
71,"(61, 5)",37
71,"(61, 9)",36
71,"(61, 11)",35
71,"(61, 12)",35
71,"(61, 16)",33
71,"(61, 18)",32
71,"(61, 21)",34
71,"(61, 22)",34
71,"(61, 25)",29
71,"(61, 27)",29
71,"(61, 28)",29
71,"(61, 29)",30
71,"(61, 30)",30
71,"(61, 33)",29
71,"(61, 35)",29
71,"(61, 38)",30
71,"(61, 39)",30
71,"(61, 44)",-1
71,"(61, 46)",43
71,"(61, 47)",43
71,"(61, 51)",38
71,"(61, 52)",38
71,"(61, 53)",37
71,"(61, 54)",37
71,"(61, 55)",36
71,"(61, 56)",36
71,"(61, 57)",34
71,"(61, 58)",33
71,"(61, 60)",33
71,"(61, 61)",33
71,"(61, 66)",33
71,"(61, 67)",33
71,"(61, 68)",33
71,"(61, 71)",34
71,"(61, 74)",35
71,"(61, 76)",35
71,"(61, 77)",36
71,"(61, 78)",36
71,"(61, 81)",37
71,"(61, 83)",41
71,"(61, 85)",41
71,"(61, 86)",41
71,"(61, 88)",42
71,"(61, 89)",-1
71,"(61, 90)",-1
71,"(61, 91)",-1
71,"(61, 93)",-1
71,"(61, 94)",-1
71,"(61, 96)",-1
71,"(61, 97)",-1
71,"(61, 99)",-1
71,"(62, 0)",40
71,"(62, 1)",40
71,"(62, 2)",39
71,"(62, 3)",38
71,"(62, 4)",38
71,"(62, 5)",38
71,"(62, 8)",-1
71,"(62, 9)",36
71,"(62, 10)",35
71,"(62, 11)",35
71,"(62, 12)",35
71,"(62, 13)",36
71,"(62, 14)",37
71,"(62, 16)",34
71,"(62, 19)",33
71,"(62, 20)",33
71,"(62, 21)",33
71,"(62, 24)",30
71,"(62, 25)",29
71,"(62, 26)",29
71,"(62, 27)",29
71,"(62, 29)",30
71,"(62, 31)",30
71,"(62, 32)",30
71,"(62, 35)",29
71,"(62, 37)",32
71,"(62, 39)",31
71,"(62, 43)",-1
71,"(62, 47)",42
71,"(62, 48)",43
71,"(62, 49)",-1
71,"(62, 52)",38
71,"(62, 53)",37
71,"(62, 54)",37
71,"(62, 55)",36
71,"(62, 56)",35
71,"(62, 57)",34
71,"(62, 60)",33
71,"(62, 61)",33
71,"(62, 62)",34
71,"(62, 63)",34
71,"(62, 64)",34
71,"(62, 65)",34
71,"(62, 66)",34
71,"(62, 68)",34
71,"(62, 70)",35
71,"(62, 71)",35
71,"(62, 72)",35
71,"(62, 73)",35
71,"(62, 74)",35
71,"(62, 75)",35
71,"(62, 77)",36
71,"(62, 78)",37
71,"(62, 79)",39
71,"(62, 80)",38
71,"(62, 81)",38
71,"(62, 84)",42
71,"(62, 87)",42
71,"(62, 91)",-1
71,"(62, 94)",-1
71,"(62, 95)",-1
71,"(62, 96)",-1
71,"(62, 98)",-1
71,"(62, 99)",-1
71,"(63, 0)",40
71,"(63, 1)",40
71,"(63, 3)",38
71,"(63, 4)",38
71,"(63, 6)",38
71,"(63, 10)",36
71,"(63, 14)",37
71,"(63, 16)",-1
71,"(63, 18)",33
71,"(63, 19)",33
71,"(63, 20)",33
71,"(63, 22)",-1
71,"(63, 25)",29
71,"(63, 26)",29
71,"(63, 27)",29
71,"(63, 28)",30
71,"(63, 29)",30
71,"(63, 31)",30
71,"(63, 33)",30
71,"(63, 34)",30
71,"(63, 35)",30
71,"(63, 38)",31
71,"(63, 39)",31
71,"(63, 45)",41
71,"(63, 46)",41
71,"(63, 50)",-1
71,"(63, 52)",38
71,"(63, 55)",36
71,"(63, 56)",35
71,"(63, 57)",35
71,"(63, 58)",34
71,"(63, 59)",34
71,"(63, 61)",34
71,"(63, 62)",34
71,"(63, 65)",34
71,"(63, 67)",35
71,"(63, 68)",35
71,"(63, 69)",35
71,"(63, 70)",35
71,"(63, 71)",35
71,"(63, 72)",35
71,"(63, 74)",36
71,"(63, 75)",36
71,"(63, 77)",36
71,"(63, 79)",38
71,"(63, 82)",-1
71,"(63, 84)",42
71,"(63, 86)",43
71,"(63, 87)",42
71,"(63, 90)",-1
71,"(63, 92)",-1
71,"(63, 95)",-1
71,"(63, 97)",-1
71,"(64, 0)",41
71,"(64, 3)",39
71,"(64, 7)",39
71,"(64, 8)",39
71,"(64, 10)",36
71,"(64, 14)",36
71,"(64, 19)",33
71,"(64, 22)",31
71,"(64, 23)",30
71,"(64, 24)",30
71,"(64, 25)",30
71,"(64, 30)",30
71,"(64, 31)",30
71,"(64, 32)",30
71,"(64, 34)",30
71,"(64, 36)",31
71,"(64, 37)",31
71,"(64, 38)",31
71,"(64, 39)",32
71,"(64, 42)",39
71,"(64, 45)",40
71,"(64, 46)",40
71,"(64, 47)",40
71,"(64, 49)",-1
71,"(64, 52)",40
71,"(64, 53)",39
71,"(64, 54)",40
71,"(64, 59)",34
71,"(64, 61)",34
71,"(64, 63)",34
71,"(64, 67)",35
71,"(64, 68)",35
71,"(64, 69)",35
71,"(64, 71)",35
71,"(64, 72)",36
71,"(64, 75)",36
71,"(64, 76)",36
71,"(64, 77)",37
71,"(64, 79)",39
71,"(64, 80)",39
71,"(64, 81)",40
71,"(64, 85)",42
71,"(64, 91)",-1
71,"(64, 94)",-1
71,"(64, 98)",-1
71,"(65, 3)",39
71,"(65, 5)",42
71,"(65, 6)",39
71,"(65, 7)",39
71,"(65, 10)",37
71,"(65, 11)",37
71,"(65, 12)",37
71,"(65, 13)",36
71,"(65, 14)",36
71,"(65, 15)",36
71,"(65, 16)",36
71,"(65, 18)",34
71,"(65, 22)",31
71,"(65, 23)",30
71,"(65, 24)",30
71,"(65, 25)",30
71,"(65, 27)",-1
71,"(65, 29)",30
71,"(65, 31)",30
71,"(65, 32)",31
71,"(65, 33)",30
71,"(65, 34)",30
71,"(65, 36)",31
71,"(65, 37)",31
71,"(65, 42)",38
71,"(65, 43)",38
71,"(65, 46)",39
71,"(65, 47)",41
71,"(65, 51)",41
71,"(65, 53)",41
71,"(65, 56)",44
71,"(65, 57)",44
71,"(65, 61)",34
71,"(65, 62)",34
71,"(65, 63)",34
71,"(65, 67)",35
71,"(65, 68)",35
71,"(65, 69)",35
71,"(65, 70)",36
71,"(65, 72)",36
71,"(65, 73)",36
71,"(65, 74)",37
71,"(65, 75)",37
71,"(65, 76)",37
71,"(65, 78)",40
71,"(65, 80)",40
71,"(65, 82)",40
71,"(65, 83)",40
71,"(65, 84)",41
71,"(65, 87)",-1
71,"(65, 88)",-1
71,"(65, 89)",-1
71,"(65, 94)",-1
71,"(65, 97)",-1
71,"(65, 98)",-1
71,"(65, 99)",-1
71,"(66, 0)",42
71,"(66, 1)",41
71,"(66, 2)",40
71,"(66, 4)",42
71,"(66, 5)",40
71,"(66, 8)",40
71,"(66, 10)",37
71,"(66, 11)",37
71,"(66, 12)",36
71,"(66, 13)",36
71,"(66, 15)",35
71,"(66, 20)",32
71,"(66, 21)",32
71,"(66, 22)",32
71,"(66, 29)",30
71,"(66, 30)",30
71,"(66, 31)",31
71,"(66, 32)",31
71,"(66, 33)",31
71,"(66, 34)",31
71,"(66, 35)",31
71,"(66, 36)",31
71,"(66, 39)",-1
71,"(66, 41)",39
71,"(66, 43)",38
71,"(66, 46)",39
71,"(66, 47)",39
71,"(66, 49)",42
71,"(66, 51)",41
71,"(66, 52)",41
71,"(66, 56)",44
71,"(66, 60)",35
71,"(66, 61)",34
71,"(66, 63)",34
71,"(66, 64)",35
71,"(66, 65)",36
71,"(66, 66)",35
71,"(66, 69)",36
71,"(66, 70)",36
71,"(66, 71)",36
71,"(66, 73)",37
71,"(66, 74)",38
71,"(66, 76)",37
71,"(66, 77)",37
71,"(66, 78)",40
71,"(66, 79)",40
71,"(66, 80)",40
71,"(66, 81)",40
71,"(66, 87)",-1
71,"(66, 88)",-1
71,"(66, 92)",-1
71,"(66, 93)",-1
71,"(66, 94)",-1
71,"(66, 95)",-1
71,"(66, 96)",-1
71,"(66, 97)",-1
71,"(66, 98)",-1
71,"(66, 99)",-1
71,"(67, 0)",42
71,"(67, 1)",41
71,"(67, 4)",41
71,"(67, 5)",42
71,"(67, 6)",41
71,"(67, 14)",35
71,"(67, 15)",35
71,"(67, 16)",35
71,"(67, 17)",36
71,"(67, 20)",32
71,"(67, 21)",32
71,"(67, 23)",32
71,"(67, 25)",32
71,"(67, 26)",32
71,"(67, 27)",32
71,"(67, 29)",31
71,"(67, 32)",31
71,"(67, 33)",31
71,"(67, 34)",31
71,"(67, 36)",31
71,"(67, 40)",39
71,"(67, 41)",40
71,"(67, 43)",37
71,"(67, 44)",37
71,"(67, 46)",38
71,"(67, 47)",39
71,"(67, 49)",42
71,"(67, 50)",41
71,"(67, 51)",41
71,"(67, 55)",43
71,"(67, 61)",35
71,"(67, 62)",35
71,"(67, 64)",35
71,"(67, 65)",36
71,"(67, 66)",36
71,"(67, 68)",36
71,"(67, 71)",36
71,"(67, 75)",37
71,"(67, 80)",40
71,"(67, 81)",41
71,"(67, 83)",42
71,"(67, 84)",43
71,"(67, 86)",-1
71,"(67, 89)",-1
71,"(67, 91)",-1
71,"(67, 92)",-1
71,"(67, 93)",-1
71,"(67, 94)",-1
71,"(67, 96)",-1
71,"(67, 97)",-1
71,"(68, 1)",42
71,"(68, 3)",42
71,"(68, 4)",42
71,"(68, 5)",42
71,"(68, 6)",42
71,"(68, 8)",41
71,"(68, 9)",41
71,"(68, 11)",42
71,"(68, 14)",35
71,"(68, 19)",32
71,"(68, 21)",32
71,"(68, 22)",32
71,"(68, 24)",33
71,"(68, 25)",32
71,"(68, 26)",32
71,"(68, 27)",32
71,"(68, 28)",32
71,"(68, 30)",32
71,"(68, 32)",31
71,"(68, 33)",31
71,"(68, 36)",31
71,"(68, 42)",37
71,"(68, 43)",37
71,"(68, 45)",38
71,"(68, 46)",38
71,"(68, 49)",41
71,"(68, 51)",42
71,"(68, 54)",43
71,"(68, 55)",43
71,"(68, 58)",-1
71,"(68, 60)",36
71,"(68, 64)",36
71,"(68, 65)",36
71,"(68, 66)",36
71,"(68, 67)",36
71,"(68, 69)",37
71,"(68, 71)",37
71,"(68, 72)",37
71,"(68, 74)",37
71,"(68, 75)",37
71,"(68, 77)",40
71,"(68, 78)",40
71,"(68, 81)",42
71,"(68, 82)",42
71,"(68, 87)",-1
71,"(68, 88)",-1
71,"(68, 89)",-1
71,"(68, 90)",-1
71,"(68, 91)",-1
71,"(68, 92)",-1
71,"(68, 97)",-1
71,"(68, 98)",-1
71,"(69, 1)",44
71,"(69, 4)",42
71,"(69, 6)",42
71,"(69, 9)",41
71,"(69, 10)",41
71,"(69, 13)",35
71,"(69, 16)",33
71,"(69, 17)",33
71,"(69, 18)",33
71,"(69, 19)",33
71,"(69, 21)",33
71,"(69, 24)",33
71,"(69, 27)",32
71,"(69, 29)",32
71,"(69, 30)",32
71,"(69, 36)",34
71,"(69, 37)",32
71,"(69, 38)",33
71,"(69, 42)",37
71,"(69, 43)",37
71,"(69, 46)",39
71,"(69, 47)",39
71,"(69, 48)",40
71,"(69, 50)",41
71,"(69, 51)",41
71,"(69, 52)",42
71,"(69, 53)",42
71,"(69, 54)",42
71,"(69, 56)",43
71,"(69, 58)",-1
71,"(69, 59)",-1
71,"(69, 60)",36
71,"(69, 64)",36
71,"(69, 66)",36
71,"(69, 67)",36
71,"(69, 70)",37
71,"(69, 72)",37
71,"(69, 73)",37
71,"(69, 74)",37
71,"(69, 77)",39
71,"(69, 79)",40
71,"(69, 80)",41
71,"(69, 81)",42
71,"(69, 82)",42
71,"(69, 83)",42
71,"(69, 84)",42
71,"(69, 85)",42
71,"(69, 91)",-1
71,"(69, 93)",-1
71,"(69, 94)",-1
71,"(69, 96)",-1
71,"(69, 97)",-1
71,"(69, 98)",-1
71,"(69, 99)",-1
71,"(70, 0)",44
71,"(70, 2)",43
71,"(70, 3)",43
71,"(70, 6)",42
71,"(70, 8)",40
71,"(70, 12)",34
71,"(70, 13)",34
71,"(70, 15)",33
71,"(70, 17)",33
71,"(70, 18)",33
71,"(70, 19)",33
71,"(70, 20)",33
71,"(70, 21)",33
71,"(70, 23)",34
71,"(70, 24)",34
71,"(70, 25)",35
71,"(70, 28)",32
71,"(70, 30)",32
71,"(70, 31)",33
71,"(70, 33)",35
71,"(70, 36)",34
71,"(70, 37)",33
71,"(70, 38)",33
71,"(70, 40)",36
71,"(70, 42)",36
71,"(70, 43)",37
71,"(70, 45)",40
71,"(70, 46)",40
71,"(70, 48)",40
71,"(70, 49)",40
71,"(70, 52)",42
71,"(70, 55)",42
71,"(70, 60)",-1
71,"(70, 63)",37
71,"(70, 64)",36
71,"(70, 66)",36
71,"(70, 67)",36
71,"(70, 70)",-1
71,"(70, 73)",37
71,"(70, 75)",38
71,"(70, 76)",39
71,"(70, 77)",39
71,"(70, 78)",40
71,"(70, 81)",41
71,"(70, 82)",42
71,"(70, 84)",42
71,"(70, 85)",43
71,"(70, 86)",43
71,"(70, 88)",44
71,"(70, 89)",44
71,"(70, 94)",-1
71,"(70, 97)",-1
71,"(70, 98)",-1
71,"(71, 0)",44
71,"(71, 1)",43
71,"(71, 2)",43
71,"(71, 3)",42
71,"(71, 4)",42
71,"(71, 6)",43
71,"(71, 7)",40
71,"(71, 8)",40
71,"(71, 9)",40
71,"(71, 11)",35
71,"(71, 12)",34
71,"(71, 13)",34
71,"(71, 14)",34
71,"(71, 15)",34
71,"(71, 16)",34
71,"(71, 17)",33
71,"(71, 19)",33
71,"(71, 21)",33
71,"(71, 22)",34
71,"(71, 29)",33
71,"(71, 30)",33
71,"(71, 31)",33
71,"(71, 32)",34
71,"(71, 34)",35
71,"(71, 38)",34
71,"(71, 41)",36
71,"(71, 43)",36
71,"(71, 45)",40
71,"(71, 46)",41
71,"(71, 47)",40
71,"(71, 48)",41
71,"(71, 53)",42
71,"(71, 55)",42
71,"(71, 56)",42
71,"(71, 57)",41
71,"(71, 58)",40
71,"(71, 60)",39
71,"(71, 63)",37
71,"(71, 65)",36
71,"(71, 66)",36
71,"(71, 68)",36
71,"(71, 72)",39
71,"(71, 74)",38
71,"(71, 79)",41
71,"(71, 80)",41
71,"(71, 82)",42
71,"(71, 84)",42
71,"(71, 85)",42
71,"(71, 87)",42
71,"(71, 88)",43
71,"(71, 90)",44
71,"(71, 96)",-1
71,"(71, 99)",-1
71,"(72, 0)",44
71,"(72, 1)",44
71,"(72, 3)",42
71,"(72, 4)",42
71,"(72, 8)",40
71,"(72, 9)",40
71,"(72, 10)",35
71,"(72, 11)",35
71,"(72, 12)",35
71,"(72, 16)",34
71,"(72, 17)",34
71,"(72, 18)",34
71,"(72, 19)",33
71,"(72, 21)",34
71,"(72, 22)",34
71,"(72, 23)",35
71,"(72, 24)",36
71,"(72, 25)",36
71,"(72, 26)",37
71,"(72, 27)",37
71,"(72, 31)",34
71,"(72, 32)",34
71,"(72, 34)",35
71,"(72, 36)",34
71,"(72, 37)",34
71,"(72, 38)",34
71,"(72, 41)",35
71,"(72, 42)",35
71,"(72, 44)",41
71,"(72, 45)",41
71,"(72, 46)",41
71,"(72, 50)",-1
71,"(72, 51)",-1
71,"(72, 55)",42
71,"(72, 57)",42
71,"(72, 59)",39
71,"(72, 60)",39
71,"(72, 61)",39
71,"(72, 62)",38
71,"(72, 63)",38
71,"(72, 67)",36
71,"(72, 69)",36
71,"(72, 71)",39
71,"(72, 72)",39
71,"(72, 73)",39
71,"(72, 75)",39
71,"(72, 76)",39
71,"(72, 79)",40
71,"(72, 82)",42
71,"(72, 83)",42
71,"(72, 86)",42
71,"(72, 88)",43
71,"(72, 92)",45
71,"(72, 94)",47
71,"(72, 96)",-1
71,"(72, 98)",-1
71,"(72, 99)",-1
71,"(73, 1)",44
71,"(73, 2)",43
71,"(73, 4)",43
71,"(73, 5)",41
71,"(73, 6)",40
71,"(73, 7)",40
71,"(73, 8)",40
71,"(73, 12)",35
71,"(73, 13)",36
71,"(73, 14)",36
71,"(73, 17)",34
71,"(73, 18)",34
71,"(73, 19)",35
71,"(73, 21)",35
71,"(73, 23)",35
71,"(73, 24)",35
71,"(73, 25)",36
71,"(73, 28)",38
71,"(73, 30)",34
71,"(73, 33)",35
71,"(73, 39)",34
71,"(73, 41)",35
71,"(73, 42)",35
71,"(73, 43)",36
71,"(73, 47)",41
71,"(73, 54)",42
71,"(73, 57)",41
71,"(73, 59)",40
71,"(73, 60)",39
71,"(73, 62)",39
71,"(73, 63)",39
71,"(73, 68)",37
71,"(73, 70)",42
71,"(73, 72)",39
71,"(73, 75)",39
71,"(73, 77)",39
71,"(73, 78)",40
71,"(73, 79)",40
71,"(73, 84)",42
71,"(73, 87)",42
71,"(73, 88)",43
71,"(73, 89)",43
71,"(73, 91)",45
71,"(73, 94)",46
71,"(73, 96)",-1
71,"(73, 97)",-1
71,"(73, 98)",-1
71,"(74, 1)",44
71,"(74, 2)",44
71,"(74, 3)",43
71,"(74, 4)",42
71,"(74, 6)",41
71,"(74, 8)",39
71,"(74, 12)",36
71,"(74, 14)",36
71,"(74, 19)",35
71,"(74, 20)",35
71,"(74, 21)",35
71,"(74, 25)",36
71,"(74, 28)",39
71,"(74, 29)",39
71,"(74, 33)",37
71,"(74, 35)",36
71,"(74, 36)",36
71,"(74, 37)",36
71,"(74, 39)",35
71,"(74, 40)",35
71,"(74, 41)",35
71,"(74, 42)",35
71,"(74, 43)",36
71,"(74, 44)",36
71,"(74, 45)",37
71,"(74, 49)",44
71,"(74, 50)",44
71,"(74, 53)",43
71,"(74, 57)",41
71,"(74, 58)",40
71,"(74, 60)",40
71,"(74, 62)",39
71,"(74, 65)",45
71,"(74, 66)",45
71,"(74, 68)",42
71,"(74, 70)",42
71,"(74, 74)",39
71,"(74, 76)",39
71,"(74, 78)",40
71,"(74, 80)",41
71,"(74, 81)",42
71,"(74, 82)",43
71,"(74, 83)",43
71,"(74, 85)",43
71,"(74, 86)",43
71,"(74, 87)",43
71,"(74, 88)",43
71,"(74, 89)",43
71,"(74, 91)",44
71,"(74, 93)",46
71,"(74, 96)",-1
71,"(74, 99)",-1
71,"(75, 0)",44
71,"(75, 1)",44
71,"(75, 2)",43
71,"(75, 4)",42
71,"(75, 5)",41
71,"(75, 6)",40
71,"(75, 8)",38
71,"(75, 13)",36
71,"(75, 14)",36
71,"(75, 17)",37
71,"(75, 19)",36
71,"(75, 24)",37
71,"(75, 25)",37
71,"(75, 26)",37
71,"(75, 27)",39
71,"(75, 28)",40
71,"(75, 29)",39
71,"(75, 32)",37
71,"(75, 33)",37
71,"(75, 34)",36
71,"(75, 38)",35
71,"(75, 39)",35
71,"(75, 41)",35
71,"(75, 42)",35
71,"(75, 43)",35
71,"(75, 45)",37
71,"(75, 50)",44
71,"(75, 51)",44
71,"(75, 53)",42
71,"(75, 54)",42
71,"(75, 55)",41
71,"(75, 56)",41
71,"(75, 57)",41
71,"(75, 58)",41
71,"(75, 60)",41
71,"(75, 63)",39
71,"(75, 64)",40
71,"(75, 66)",44
71,"(75, 69)",42
71,"(75, 70)",42
71,"(75, 71)",41
71,"(75, 72)",41
71,"(75, 73)",40
71,"(75, 75)",40
71,"(75, 78)",44
71,"(75, 80)",42
71,"(75, 83)",43
71,"(75, 84)",43
71,"(75, 85)",43
71,"(75, 86)",43
71,"(75, 87)",43
71,"(75, 88)",43
71,"(75, 89)",43
71,"(75, 90)",43
71,"(75, 91)",44
71,"(75, 92)",45
71,"(75, 95)",-1
71,"(75, 96)",-1
71,"(76, 7)",39
71,"(76, 9)",38
71,"(76, 10)",37
71,"(76, 11)",37
71,"(76, 13)",37
71,"(76, 14)",37
71,"(76, 16)",38
71,"(76, 17)",37
71,"(76, 18)",36
71,"(76, 20)",36
71,"(76, 22)",38
71,"(76, 23)",38
71,"(76, 25)",37
71,"(76, 32)",37
71,"(76, 38)",35
71,"(76, 40)",35
71,"(76, 42)",35
71,"(76, 44)",36
71,"(76, 45)",37
71,"(76, 46)",38
71,"(76, 51)",44
71,"(76, 53)",42
71,"(76, 55)",41
71,"(76, 56)",41
71,"(76, 58)",41
71,"(76, 59)",41
71,"(76, 61)",40
71,"(76, 62)",40
71,"(76, 64)",40
71,"(76, 66)",43
71,"(76, 74)",41
71,"(76, 75)",41
71,"(76, 76)",41
71,"(76, 77)",42
71,"(76, 78)",43
71,"(76, 80)",-1
71,"(76, 82)",43
71,"(76, 83)",43
71,"(76, 84)",43
71,"(76, 86)",43
71,"(76, 88)",43
71,"(76, 92)",45
71,"(76, 96)",-1
71,"(76, 99)",-1
71,"(77, 0)",48
71,"(77, 1)",47
71,"(77, 2)",47
71,"(77, 3)",48
71,"(77, 4)",41
71,"(77, 6)",40
71,"(77, 7)",40
71,"(77, 12)",37
71,"(77, 13)",38
71,"(77, 19)",37
71,"(77, 20)",37
71,"(77, 22)",38
71,"(77, 23)",38
71,"(77, 24)",37
71,"(77, 26)",37
71,"(77, 28)",-1
71,"(77, 29)",-1
71,"(77, 35)",45
71,"(77, 37)",36
71,"(77, 41)",36
71,"(77, 43)",37
71,"(77, 45)",37
71,"(77, 46)",37
71,"(77, 47)",38
71,"(77, 48)",40
71,"(77, 49)",40
71,"(77, 52)",43
71,"(77, 53)",43
71,"(77, 54)",42
71,"(77, 55)",41
71,"(77, 56)",41
71,"(77, 57)",41
71,"(77, 58)",42
71,"(77, 59)",42
71,"(77, 60)",41
71,"(77, 62)",41
71,"(77, 64)",40
71,"(77, 66)",42
71,"(77, 67)",42
71,"(77, 70)",43
71,"(77, 71)",43
71,"(77, 72)",43
71,"(77, 76)",41
71,"(77, 77)",42
71,"(77, 81)",43
71,"(77, 85)",44
71,"(77, 86)",44
71,"(77, 87)",43
71,"(77, 89)",48
71,"(77, 93)",46
71,"(77, 94)",46
71,"(77, 96)",-1
71,"(78, 0)",47
71,"(78, 1)",47
71,"(78, 2)",47
71,"(78, 5)",41
71,"(78, 7)",41
71,"(78, 8)",40
71,"(78, 11)",37
71,"(78, 13)",37
71,"(78, 14)",38
71,"(78, 15)",38
71,"(78, 17)",-1
71,"(78, 21)",38
71,"(78, 22)",38
71,"(78, 23)",38
71,"(78, 28)",-1
71,"(78, 30)",-1
71,"(78, 32)",44
71,"(78, 33)",44
71,"(78, 34)",44
71,"(78, 36)",37
71,"(78, 37)",37
71,"(78, 38)",37
71,"(78, 42)",36
71,"(78, 43)",37
71,"(78, 46)",38
71,"(78, 48)",38
71,"(78, 49)",39
71,"(78, 51)",44
71,"(78, 52)",45
71,"(78, 54)",42
71,"(78, 55)",41
71,"(78, 56)",42
71,"(78, 57)",41
71,"(78, 62)",41
71,"(78, 63)",40
71,"(78, 66)",42
71,"(78, 69)",43
71,"(78, 71)",43
71,"(78, 72)",43
71,"(78, 75)",42
71,"(78, 76)",42
71,"(78, 78)",43
71,"(78, 79)",43
71,"(78, 80)",43
71,"(78, 82)",44
71,"(78, 84)",44
71,"(78, 85)",48
71,"(78, 89)",47
71,"(78, 91)",46
71,"(78, 92)",46
71,"(78, 93)",46
71,"(78, 94)",46
71,"(78, 96)",-1
71,"(78, 97)",-1
71,"(78, 99)",-1
71,"(79, 1)",47
71,"(79, 4)",41
71,"(79, 5)",41
71,"(79, 8)",41
71,"(79, 9)",-1
71,"(79, 10)",-1
71,"(79, 13)",38
71,"(79, 14)",38
71,"(79, 15)",38
71,"(79, 18)",42
71,"(79, 20)",38
71,"(79, 21)",38
71,"(79, 22)",38
71,"(79, 24)",38
71,"(79, 28)",-1
71,"(79, 33)",43
71,"(79, 34)",44
71,"(79, 36)",37
71,"(79, 39)",38
71,"(79, 41)",37
71,"(79, 42)",37
71,"(79, 45)",39
71,"(79, 46)",39
71,"(79, 47)",39
71,"(79, 52)",45
71,"(79, 54)",42
71,"(79, 57)",42
71,"(79, 61)",41
71,"(79, 63)",41
71,"(79, 64)",41
71,"(79, 65)",41
71,"(79, 66)",41
71,"(79, 69)",42
71,"(79, 70)",42
71,"(79, 71)",43
71,"(79, 72)",43
71,"(79, 74)",42
71,"(79, 75)",42
71,"(79, 78)",43
71,"(79, 80)",43
71,"(79, 83)",44
71,"(79, 86)",47
71,"(79, 87)",47
71,"(79, 88)",47
71,"(79, 89)",47
71,"(79, 90)",47
71,"(79, 91)",46
71,"(79, 92)",46
71,"(79, 99)",-1
71,"(80, 0)",46
71,"(80, 1)",46
71,"(80, 3)",42
71,"(80, 5)",42
71,"(80, 7)",42
71,"(80, 8)",42
71,"(80, 12)",38
71,"(80, 14)",38
71,"(80, 15)",39
71,"(80, 18)",42
71,"(80, 20)",39
71,"(80, 22)",39
71,"(80, 23)",39
71,"(80, 24)",38
71,"(80, 26)",39
71,"(80, 27)",39
71,"(80, 30)",41
71,"(80, 32)",43
71,"(80, 34)",43
71,"(80, 37)",39
71,"(80, 38)",38
71,"(80, 39)",38
71,"(80, 44)",40
71,"(80, 45)",39
71,"(80, 48)",40
71,"(80, 50)",41
71,"(80, 54)",43
71,"(80, 56)",42
71,"(80, 57)",42
71,"(80, 58)",42
71,"(80, 59)",43
71,"(80, 60)",-1
71,"(80, 62)",41
71,"(80, 65)",41
71,"(80, 67)",42
71,"(80, 68)",42
71,"(80, 69)",42
71,"(80, 70)",42
71,"(80, 71)",43
71,"(80, 72)",44
71,"(80, 75)",42
71,"(80, 77)",43
71,"(80, 79)",43
71,"(80, 82)",45
71,"(80, 86)",46
71,"(80, 88)",47
71,"(80, 89)",47
71,"(80, 90)",47
71,"(80, 91)",47
71,"(80, 92)",47
71,"(80, 96)",50
71,"(81, 0)",45
71,"(81, 3)",42
71,"(81, 7)",43
71,"(81, 8)",42
71,"(81, 14)",39
71,"(81, 17)",41
71,"(81, 18)",41
71,"(81, 19)",40
71,"(81, 20)",40
71,"(81, 25)",39
71,"(81, 26)",39
71,"(81, 27)",39
71,"(81, 28)",40
71,"(81, 29)",40
71,"(81, 33)",43
71,"(81, 39)",39
71,"(81, 44)",40
71,"(81, 45)",40
71,"(81, 46)",40
71,"(81, 48)",41
71,"(81, 49)",41
71,"(81, 50)",41
71,"(81, 52)",44
71,"(81, 53)",44
71,"(81, 54)",43
71,"(81, 55)",43
71,"(81, 56)",43
71,"(81, 57)",43
71,"(81, 58)",43
71,"(81, 59)",42
71,"(81, 62)",42
71,"(81, 63)",42
71,"(81, 64)",41
71,"(81, 66)",41
71,"(81, 67)",42
71,"(81, 68)",42
71,"(81, 70)",42
71,"(81, 71)",43
71,"(81, 72)",43
71,"(81, 73)",43
71,"(81, 74)",44
71,"(81, 75)",43
71,"(81, 79)",44
71,"(81, 84)",46
71,"(81, 85)",46
71,"(81, 86)",46
71,"(81, 87)",47
71,"(81, 88)",48
71,"(81, 92)",47
71,"(81, 93)",48
71,"(81, 95)",49
71,"(81, 97)",-1
71,"(82, 0)",44
71,"(82, 3)",43
71,"(82, 5)",45
71,"(82, 8)",43
71,"(82, 9)",42
71,"(82, 10)",42
71,"(82, 11)",41
71,"(82, 12)",40
71,"(82, 13)",40
71,"(82, 14)",40
71,"(82, 16)",42
71,"(82, 17)",41
71,"(82, 18)",41
71,"(82, 19)",41
71,"(82, 20)",41
71,"(82, 25)",39
71,"(82, 29)",40
71,"(82, 30)",41
71,"(82, 32)",42
71,"(82, 33)",43
71,"(82, 34)",43
71,"(82, 37)",-1
71,"(82, 39)",39
71,"(82, 40)",43
71,"(82, 41)",43
71,"(82, 42)",42
71,"(82, 43)",42
71,"(82, 44)",41
71,"(82, 45)",41
71,"(82, 46)",41
71,"(82, 48)",42
71,"(82, 49)",41
71,"(82, 53)",44
71,"(82, 57)",43
71,"(82, 59)",42
71,"(82, 60)",42
71,"(82, 61)",42
71,"(82, 62)",42
71,"(82, 64)",42
71,"(82, 65)",42
71,"(82, 68)",42
71,"(82, 69)",43
71,"(82, 70)",43
71,"(82, 71)",43
71,"(82, 72)",44
71,"(82, 73)",43
71,"(82, 74)",43
71,"(82, 80)",44
71,"(82, 81)",45
71,"(82, 82)",45
71,"(82, 83)",45
71,"(82, 84)",46
71,"(82, 86)",46
71,"(82, 88)",48
71,"(82, 89)",48
71,"(82, 91)",50
71,"(82, 93)",48
71,"(82, 94)",49
71,"(82, 99)",-1
71,"(83, 0)",44
71,"(83, 2)",43
71,"(83, 3)",43
71,"(83, 4)",43
71,"(83, 5)",44
71,"(83, 8)",42
71,"(83, 14)",40
71,"(83, 18)",41
71,"(83, 19)",41
71,"(83, 20)",41
71,"(83, 23)",40
71,"(83, 24)",40
71,"(83, 25)",40
71,"(83, 27)",43
71,"(83, 30)",41
71,"(83, 31)",42
71,"(83, 32)",42
71,"(83, 33)",43
71,"(83, 34)",43
71,"(83, 43)",42
71,"(83, 44)",42
71,"(83, 45)",42
71,"(83, 46)",42
71,"(83, 47)",42
71,"(83, 48)",42
71,"(83, 49)",42
71,"(83, 51)",44
71,"(83, 52)",44
71,"(83, 53)",44
71,"(83, 56)",43
71,"(83, 57)",43
71,"(83, 60)",42
71,"(83, 61)",42
71,"(83, 62)",42
71,"(83, 63)",43
71,"(83, 64)",42
71,"(83, 67)",42
71,"(83, 68)",42
71,"(83, 70)",44
71,"(83, 72)",44
71,"(83, 74)",43
71,"(83, 76)",46
71,"(83, 77)",45
71,"(83, 78)",45
71,"(83, 79)",45
71,"(83, 83)",45
71,"(83, 84)",46
71,"(83, 86)",47
71,"(83, 88)",48
71,"(83, 90)",51
71,"(83, 91)",50
71,"(83, 92)",49
71,"(83, 93)",49
71,"(83, 95)",49
71,"(83, 96)",49
71,"(84, 0)",44
71,"(84, 1)",44
71,"(84, 2)",44
71,"(84, 3)",43
71,"(84, 4)",44
71,"(84, 5)",44
71,"(84, 7)",43
71,"(84, 10)",50
71,"(84, 13)",50
71,"(84, 17)",50
71,"(84, 20)",41
71,"(84, 21)",41
71,"(84, 22)",41
71,"(84, 23)",40
71,"(84, 25)",40
71,"(84, 26)",43
71,"(84, 27)",43
71,"(84, 29)",42
71,"(84, 31)",43
71,"(84, 34)",44
71,"(84, 35)",43
71,"(84, 37)",44
71,"(84, 38)",45
71,"(84, 40)",44
71,"(84, 41)",43
71,"(84, 42)",42
71,"(84, 44)",42
71,"(84, 45)",42
71,"(84, 47)",42
71,"(84, 49)",43
71,"(84, 52)",44
71,"(84, 53)",44
71,"(84, 54)",43
71,"(84, 55)",43
71,"(84, 59)",42
71,"(84, 60)",42
71,"(84, 61)",42
71,"(84, 63)",43
71,"(84, 64)",43
71,"(84, 65)",43
71,"(84, 66)",43
71,"(84, 70)",44
71,"(84, 74)",46
71,"(84, 77)",45
71,"(84, 79)",45
71,"(84, 80)",45
71,"(84, 81)",46
71,"(84, 82)",46
71,"(84, 83)",46
71,"(84, 84)",46
71,"(84, 86)",46
71,"(84, 90)",51
71,"(84, 91)",50
71,"(84, 92)",50
71,"(84, 93)",49
71,"(84, 96)",51
71,"(84, 97)",50
71,"(84, 98)",51
71,"(84, 99)",51
71,"(85, 1)",44
71,"(85, 2)",44
71,"(85, 4)",44
71,"(85, 5)",44
71,"(85, 10)",49
71,"(85, 11)",49
71,"(85, 12)",49
71,"(85, 13)",48
71,"(85, 15)",49
71,"(85, 16)",49
71,"(85, 17)",50
71,"(85, 19)",42
71,"(85, 20)",42
71,"(85, 21)",42
71,"(85, 22)",41
71,"(85, 24)",41
71,"(85, 27)",43
71,"(85, 28)",42
71,"(85, 29)",42
71,"(85, 30)",43
71,"(85, 31)",43
71,"(85, 32)",43
71,"(85, 35)",44
71,"(85, 36)",44
71,"(85, 39)",45
71,"(85, 43)",43
71,"(85, 45)",43
71,"(85, 47)",42
71,"(85, 49)",46
71,"(85, 51)",45
71,"(85, 54)",43
71,"(85, 57)",44
71,"(85, 58)",43
71,"(85, 59)",43
71,"(85, 60)",42
71,"(85, 62)",43
71,"(85, 65)",44
71,"(85, 66)",44
71,"(85, 69)",45
71,"(85, 72)",-1
71,"(85, 73)",46
71,"(85, 75)",46
71,"(85, 76)",47
71,"(85, 77)",46
71,"(85, 81)",46
71,"(85, 83)",46
71,"(85, 84)",46
71,"(85, 85)",46
71,"(85, 86)",47
71,"(85, 88)",53
71,"(85, 89)",52
71,"(85, 90)",51
71,"(85, 92)",51
71,"(85, 95)",52
71,"(85, 98)",51
71,"(86, 0)",45
71,"(86, 1)",44
71,"(86, 5)",45
71,"(86, 6)",45
71,"(86, 7)",45
71,"(86, 8)",46
71,"(86, 11)",48
71,"(86, 13)",48
71,"(86, 14)",48
71,"(86, 15)",49
71,"(86, 18)",44
71,"(86, 19)",43
71,"(86, 20)",43
71,"(86, 21)",43
71,"(86, 24)",41
71,"(86, 25)",41
71,"(86, 27)",43
71,"(86, 30)",43
71,"(86, 31)",43
71,"(86, 32)",43
71,"(86, 34)",44
71,"(86, 36)",44
71,"(86, 39)",45
71,"(86, 40)",45
71,"(86, 42)",44
71,"(86, 46)",47
71,"(86, 47)",47
71,"(86, 48)",46
71,"(86, 49)",46
71,"(86, 50)",46
71,"(86, 51)",46
71,"(86, 53)",44
71,"(86, 54)",44
71,"(86, 55)",44
71,"(86, 56)",44
71,"(86, 58)",43
71,"(86, 61)",42
71,"(86, 63)",43
71,"(86, 67)",45
71,"(86, 68)",45
71,"(86, 70)",45
71,"(86, 71)",45
71,"(86, 73)",46
71,"(86, 74)",46
71,"(86, 76)",47
71,"(86, 79)",-1
71,"(86, 80)",-1
71,"(86, 89)",52
71,"(86, 90)",53
71,"(86, 92)",51
71,"(86, 94)",52
71,"(86, 95)",52
71,"(86, 96)",52
71,"(86, 97)",51
71,"(86, 98)",52
71,"(87, 1)",45
71,"(87, 3)",-1
71,"(87, 6)",46
71,"(87, 7)",45
71,"(87, 8)",46
71,"(87, 9)",47
71,"(87, 10)",49
71,"(87, 12)",48
71,"(87, 14)",50
71,"(87, 15)",49
71,"(87, 16)",49
71,"(87, 18)",44
71,"(87, 21)",43
71,"(87, 23)",42
71,"(87, 24)",41
71,"(87, 27)",43
71,"(87, 28)",43
71,"(87, 29)",43
71,"(87, 30)",43
71,"(87, 33)",45
71,"(87, 34)",45
71,"(87, 37)",44
71,"(87, 39)",46
71,"(87, 42)",44
71,"(87, 45)",47
71,"(87, 46)",47
71,"(87, 49)",46
71,"(87, 51)",46
71,"(87, 53)",45
71,"(87, 56)",44
71,"(87, 57)",44
71,"(87, 59)",44
71,"(87, 60)",44
71,"(87, 62)",44
71,"(87, 64)",44
71,"(87, 66)",46
71,"(87, 69)",45
71,"(87, 72)",45
71,"(87, 73)",45
71,"(87, 74)",46
71,"(87, 79)",-1
71,"(87, 80)",-1
71,"(87, 81)",-1
71,"(87, 83)",-1
71,"(87, 84)",-1
71,"(87, 85)",63
71,"(87, 86)",63
71,"(87, 88)",53
71,"(87, 90)",53
71,"(87, 91)",52
71,"(87, 92)",52
71,"(87, 96)",52
71,"(87, 98)",52
71,"(88, 5)",46
71,"(88, 7)",46
71,"(88, 8)",46
71,"(88, 12)",48
71,"(88, 13)",48
71,"(88, 15)",50
71,"(88, 19)",45
71,"(88, 20)",43
71,"(88, 21)",42
71,"(88, 22)",42
71,"(88, 23)",42
71,"(88, 27)",44
71,"(88, 28)",44
71,"(88, 32)",46
71,"(88, 33)",45
71,"(88, 34)",45
71,"(88, 38)",48
71,"(88, 39)",47
71,"(88, 40)",46
71,"(88, 43)",45
71,"(88, 45)",47
71,"(88, 48)",46
71,"(88, 52)",46
71,"(88, 54)",45
71,"(88, 55)",45
71,"(88, 56)",44
71,"(88, 58)",44
71,"(88, 62)",48
71,"(88, 64)",46
71,"(88, 65)",45
71,"(88, 66)",45
71,"(88, 67)",45
71,"(88, 68)",45
71,"(88, 69)",45
71,"(88, 70)",45
71,"(88, 72)",46
71,"(88, 73)",46
71,"(88, 75)",46
71,"(88, 77)",47
71,"(88, 81)",-1
71,"(88, 82)",-1
71,"(88, 85)",63
71,"(88, 86)",63
71,"(88, 92)",53
71,"(88, 93)",53
71,"(88, 94)",54
71,"(88, 95)",53
71,"(89, 0)",-1
71,"(89, 2)",49
71,"(89, 3)",49
71,"(89, 5)",47
71,"(89, 6)",46
71,"(89, 8)",46
71,"(89, 9)",47
71,"(89, 10)",47
71,"(89, 11)",47
71,"(89, 19)",44
71,"(89, 22)",42
71,"(89, 25)",43
71,"(89, 28)",44
71,"(89, 29)",45
71,"(89, 30)",45
71,"(89, 31)",46
71,"(89, 35)",46
71,"(89, 37)",48
71,"(89, 38)",48
71,"(89, 39)",47
71,"(89, 42)",45
71,"(89, 49)",47
71,"(89, 50)",47
71,"(89, 53)",47
71,"(89, 54)",45
71,"(89, 55)",45
71,"(89, 59)",45
71,"(89, 62)",48
71,"(89, 63)",47
71,"(89, 65)",46
71,"(89, 67)",45
71,"(89, 68)",45
71,"(89, 69)",45
71,"(89, 76)",46
71,"(89, 78)",69
71,"(89, 81)",-1
71,"(89, 82)",-1
71,"(89, 86)",62
71,"(89, 87)",62
71,"(89, 88)",62
71,"(89, 89)",61
71,"(89, 90)",60
71,"(89, 94)",54
71,"(89, 95)",54
71,"(89, 97)",58
71,"(89, 98)",59
71,"(90, 2)",49
71,"(90, 4)",48
71,"(90, 5)",48
71,"(90, 7)",47
71,"(90, 8)",47
71,"(90, 9)",47
71,"(90, 10)",47
71,"(90, 11)",47
71,"(90, 14)",-1
71,"(90, 15)",-1
71,"(90, 18)",51
71,"(90, 22)",42
71,"(90, 23)",42
71,"(90, 24)",43
71,"(90, 25)",43
71,"(90, 26)",44
71,"(90, 27)",45
71,"(90, 29)",45
71,"(90, 31)",45
71,"(90, 32)",46
71,"(90, 35)",47
71,"(90, 39)",47
71,"(90, 40)",46
71,"(90, 41)",46
71,"(90, 42)",46
71,"(90, 44)",48
71,"(90, 48)",47
71,"(90, 51)",48
71,"(90, 52)",48
71,"(90, 54)",46
71,"(90, 59)",46
71,"(90, 60)",46
71,"(90, 64)",47
71,"(90, 65)",46
71,"(90, 66)",45
71,"(90, 69)",46
71,"(90, 71)",69
71,"(90, 73)",69
71,"(90, 78)",68
71,"(90, 79)",68
71,"(90, 86)",62
71,"(90, 87)",62
71,"(90, 88)",62
71,"(90, 89)",61
71,"(90, 91)",59
71,"(90, 92)",59
71,"(90, 93)",55
71,"(90, 94)",55
71,"(90, 98)",57
71,"(90, 99)",57
71,"(91, 0)",-1
71,"(91, 1)",-1
71,"(91, 3)",49
71,"(91, 4)",48
71,"(91, 6)",47
71,"(91, 7)",47
71,"(91, 10)",47
71,"(91, 11)",47
71,"(91, 12)",47
71,"(91, 17)",50
71,"(91, 18)",47
71,"(91, 19)",47
71,"(91, 20)",47
71,"(91, 22)",43
71,"(91, 24)",43
71,"(91, 26)",44
71,"(91, 27)",45
71,"(91, 30)",45
71,"(91, 31)",45
71,"(91, 33)",46
71,"(91, 34)",47
71,"(91, 35)",47
71,"(91, 37)",47
71,"(91, 40)",46
71,"(91, 43)",47
71,"(91, 44)",49
71,"(91, 46)",49
71,"(91, 47)",48
71,"(91, 48)",48
71,"(91, 49)",48
71,"(91, 50)",49
71,"(91, 51)",48
71,"(91, 55)",47
71,"(91, 57)",49
71,"(91, 60)",47
71,"(91, 61)",47
71,"(91, 62)",-1
71,"(91, 64)",47
71,"(91, 71)",69
71,"(91, 72)",69
71,"(91, 73)",68
71,"(91, 74)",68
71,"(91, 75)",68
71,"(91, 76)",68
71,"(91, 77)",68
71,"(91, 78)",68
71,"(91, 80)",69
71,"(91, 81)",69
71,"(91, 82)",69
71,"(91, 83)",69
71,"(91, 84)",70
71,"(91, 85)",63
71,"(91, 86)",63
71,"(91, 87)",63
71,"(91, 91)",59
71,"(91, 94)",59
71,"(91, 95)",55
71,"(91, 96)",56
71,"(91, 97)",57
71,"(91, 98)",57
71,"(92, 2)",48
71,"(92, 4)",48
71,"(92, 5)",48
71,"(92, 7)",47
71,"(92, 8)",47
71,"(92, 9)",48
71,"(92, 10)",47
71,"(92, 11)",47
71,"(92, 12)",47
71,"(92, 13)",48
71,"(92, 14)",48
71,"(92, 15)",49
71,"(92, 16)",49
71,"(92, 19)",47
71,"(92, 20)",47
71,"(92, 24)",43
71,"(92, 25)",43
71,"(92, 27)",45
71,"(92, 28)",45
71,"(92, 29)",45
71,"(92, 33)",47
71,"(92, 34)",47
71,"(92, 35)",47
71,"(92, 36)",47
71,"(92, 38)",48
71,"(92, 41)",47
71,"(92, 43)",50
71,"(92, 44)",48
71,"(92, 45)",48
71,"(92, 46)",49
71,"(92, 47)",49
71,"(92, 49)",49
71,"(92, 52)",49
71,"(92, 54)",54
71,"(92, 56)",56
71,"(92, 58)",48
71,"(92, 59)",48
71,"(92, 64)",47
71,"(92, 66)",54
71,"(92, 67)",54
71,"(92, 70)",69
71,"(92, 71)",69
71,"(92, 72)",69
71,"(92, 73)",68
71,"(92, 74)",68
71,"(92, 77)",67
71,"(92, 79)",68
71,"(92, 81)",69
71,"(92, 82)",69
71,"(92, 89)",60
71,"(92, 90)",59
71,"(92, 91)",59
71,"(92, 93)",59
71,"(92, 94)",56
71,"(92, 97)",57
71,"(92, 98)",57
71,"(92, 99)",57
71,"(93, 0)",49
71,"(93, 3)",48
71,"(93, 4)",48
71,"(93, 5)",48
71,"(93, 9)",48
71,"(93, 10)",48
71,"(93, 13)",48
71,"(93, 14)",48
71,"(93, 15)",48
71,"(93, 16)",48
71,"(93, 20)",46
71,"(93, 23)",44
71,"(93, 24)",44
71,"(93, 25)",44
71,"(93, 29)",46
71,"(93, 30)",46
71,"(93, 32)",47
71,"(93, 33)",47
71,"(93, 34)",47
71,"(93, 36)",47
71,"(93, 37)",47
71,"(93, 39)",48
71,"(93, 40)",48
71,"(93, 45)",48
71,"(93, 47)",49
71,"(93, 49)",50
71,"(93, 53)",53
71,"(93, 54)",54
71,"(93, 55)",55
71,"(93, 56)",55
71,"(93, 58)",48
71,"(93, 60)",48
71,"(93, 61)",-1
71,"(93, 67)",53
71,"(93, 68)",53
71,"(93, 71)",69
71,"(93, 72)",68
71,"(93, 73)",68
71,"(93, 75)",68
71,"(93, 76)",67
71,"(93, 79)",69
71,"(93, 84)",64
71,"(93, 85)",65
71,"(93, 86)",64
71,"(93, 90)",59
71,"(93, 92)",59
71,"(93, 95)",57
71,"(93, 96)",58
71,"(93, 97)",58
71,"(94, 0)",49
71,"(94, 1)",49
71,"(94, 2)",48
71,"(94, 4)",48
71,"(94, 6)",49
71,"(94, 9)",48
71,"(94, 11)",48
71,"(94, 13)",48
71,"(94, 14)",48
71,"(94, 15)",48
71,"(94, 16)",48
71,"(94, 18)",48
71,"(94, 20)",46
71,"(94, 21)",46
71,"(94, 23)",44
71,"(94, 24)",44
71,"(94, 26)",44
71,"(94, 27)",45
71,"(94, 28)",46
71,"(94, 29)",46
71,"(94, 34)",48
71,"(94, 35)",48
71,"(94, 41)",49
71,"(94, 42)",49
71,"(94, 43)",50
71,"(94, 44)",49
71,"(94, 46)",49
71,"(94, 47)",49
71,"(94, 50)",51
71,"(94, 52)",52
71,"(94, 54)",54
71,"(94, 55)",55
71,"(94, 56)",55
71,"(94, 59)",48
71,"(94, 65)",52
71,"(94, 66)",52
71,"(94, 67)",53
71,"(94, 69)",70
71,"(94, 70)",69
71,"(94, 71)",69
71,"(94, 72)",68
71,"(94, 73)",68
71,"(94, 74)",68
71,"(94, 77)",67
71,"(94, 81)",66
71,"(94, 82)",66
71,"(94, 83)",65
71,"(94, 85)",64
71,"(94, 88)",62
71,"(94, 91)",59
71,"(94, 92)",58
71,"(94, 93)",58
71,"(94, 94)",57
71,"(94, 95)",57
71,"(95, 0)",49
71,"(95, 1)",49
71,"(95, 2)",49
71,"(95, 3)",48
71,"(95, 4)",49
71,"(95, 5)",48
71,"(95, 6)",49
71,"(95, 7)",49
71,"(95, 9)",48
71,"(95, 10)",48
71,"(95, 11)",48
71,"(95, 12)",48
71,"(95, 13)",48
71,"(95, 16)",48
71,"(95, 19)",47
71,"(95, 20)",47
71,"(95, 21)",46
71,"(95, 22)",45
71,"(95, 24)",45
71,"(95, 26)",45
71,"(95, 27)",45
71,"(95, 29)",46
71,"(95, 30)",47
71,"(95, 31)",47
71,"(95, 32)",47
71,"(95, 33)",48
71,"(95, 40)",49
71,"(95, 41)",49
71,"(95, 43)",50
71,"(95, 45)",49
71,"(95, 46)",49
71,"(95, 51)",52
71,"(95, 56)",55
71,"(95, 57)",55
71,"(95, 59)",49
71,"(95, 60)",49
71,"(95, 61)",50
71,"(95, 62)",51
71,"(95, 63)",51
71,"(95, 64)",51
71,"(95, 65)",52
71,"(95, 66)",52
71,"(95, 74)",68
71,"(95, 75)",68
71,"(95, 76)",67
71,"(95, 78)",66
71,"(95, 79)",66
71,"(95, 80)",66
71,"(95, 81)",65
71,"(95, 84)",64
71,"(95, 85)",64
71,"(95, 86)",63
71,"(95, 87)",62
71,"(95, 88)",61
71,"(95, 91)",59
71,"(95, 94)",58
71,"(95, 98)",-1
71,"(96, 1)",49
71,"(96, 6)",49
71,"(96, 7)",49
71,"(96, 8)",48
71,"(96, 9)",49
71,"(96, 10)",48
71,"(96, 12)",48
71,"(96, 14)",51
71,"(96, 17)",48
71,"(96, 18)",48
71,"(96, 23)",46
71,"(96, 24)",46
71,"(96, 25)",46
71,"(96, 26)",46
71,"(96, 27)",46
71,"(96, 28)",46
71,"(96, 29)",46
71,"(96, 31)",47
71,"(96, 32)",47
71,"(96, 34)",48
71,"(96, 36)",52
71,"(96, 38)",51
71,"(96, 40)",50
71,"(96, 41)",50
71,"(96, 42)",50
71,"(96, 43)",50
71,"(96, 44)",50
71,"(96, 48)",-1
71,"(96, 49)",-1
71,"(96, 52)",52
71,"(96, 53)",53
71,"(96, 59)",49
71,"(96, 60)",49
71,"(96, 62)",51
71,"(96, 63)",51
71,"(96, 65)",52
71,"(96, 66)",52
71,"(96, 68)",-1
71,"(96, 69)",-1
71,"(96, 75)",68
71,"(96, 77)",67
71,"(96, 79)",65
71,"(96, 81)",65
71,"(96, 82)",64
71,"(96, 85)",63
71,"(96, 87)",62
71,"(96, 89)",61
71,"(96, 90)",60
71,"(96, 91)",60
71,"(96, 97)",-1
71,"(96, 98)",-1
71,"(96, 99)",-1
71,"(97, 1)",49
71,"(97, 2)",49
71,"(97, 5)",49
71,"(97, 7)",49
71,"(97, 8)",49
71,"(97, 9)",49
71,"(97, 10)",49
71,"(97, 11)",49
71,"(97, 12)",49
71,"(97, 13)",49
71,"(97, 14)",50
71,"(97, 16)",48
71,"(97, 17)",48
71,"(97, 18)",48
71,"(97, 19)",48
71,"(97, 24)",46
71,"(97, 25)",46
71,"(97, 29)",46
71,"(97, 31)",47
71,"(97, 33)",48
71,"(97, 34)",49
71,"(97, 37)",51
71,"(97, 39)",51
71,"(97, 41)",50
71,"(97, 42)",50
71,"(97, 43)",50
71,"(97, 44)",50
71,"(97, 45)",50
71,"(97, 49)",-1
71,"(97, 50)",-1
71,"(97, 54)",54
71,"(97, 55)",54
71,"(97, 57)",50
71,"(97, 58)",49
71,"(97, 61)",50
71,"(97, 66)",52
71,"(97, 68)",-1
71,"(97, 69)",-1
71,"(97, 71)",-1
71,"(97, 72)",-1
71,"(97, 74)",68
71,"(97, 75)",68
71,"(97, 76)",67
71,"(97, 80)",65
71,"(97, 81)",65
71,"(97, 83)",64
71,"(97, 84)",64
71,"(97, 85)",63
71,"(97, 86)",63
71,"(97, 87)",64
71,"(97, 89)",61
71,"(97, 90)",61
71,"(97, 91)",61
71,"(97, 94)",-1
71,"(97, 95)",-1
71,"(97, 96)",-1
71,"(97, 98)",-1
71,"(98, 1)",50
71,"(98, 2)",50
71,"(98, 6)",50
71,"(98, 9)",50
71,"(98, 11)",50
71,"(98, 12)",50
71,"(98, 17)",48
71,"(98, 18)",48
71,"(98, 19)",48
71,"(98, 20)",48
71,"(98, 21)",48
71,"(98, 24)",47
71,"(98, 27)",48
71,"(98, 28)",47
71,"(98, 31)",48
71,"(98, 32)",48
71,"(98, 35)",50
71,"(98, 36)",52
71,"(98, 38)",51
71,"(98, 42)",50
71,"(98, 45)",50
71,"(98, 47)",-1
71,"(98, 48)",-1
71,"(98, 49)",-1
71,"(98, 55)",54
71,"(98, 57)",50
71,"(98, 59)",50
71,"(98, 63)",-1
71,"(98, 65)",53
71,"(98, 68)",-1
71,"(98, 69)",-1
71,"(98, 71)",-1
71,"(98, 72)",-1
71,"(98, 74)",68
71,"(98, 76)",68
71,"(98, 80)",65
71,"(98, 84)",63
71,"(98, 85)",63
71,"(98, 87)",63
71,"(98, 89)",61
71,"(98, 93)",-1
71,"(98, 95)",-1
71,"(98, 97)",-1
71,"(98, 98)",-1
71,"(99, 0)",51
71,"(99, 1)",51
71,"(99, 10)",50
71,"(99, 11)",50
71,"(99, 12)",50
71,"(99, 14)",49
71,"(99, 15)",49
71,"(99, 16)",48
71,"(99, 18)",48
71,"(99, 21)",48
71,"(99, 23)",47
71,"(99, 24)",47
71,"(99, 27)",48
71,"(99, 28)",48
71,"(99, 29)",48
71,"(99, 33)",49
71,"(99, 34)",50
71,"(99, 36)",50
71,"(99, 37)",52
71,"(99, 38)",51
71,"(99, 39)",51
71,"(99, 40)",52
71,"(99, 42)",51
71,"(99, 45)",51
71,"(99, 47)",-1
71,"(99, 50)",-1
71,"(99, 51)",-1
71,"(99, 52)",-1
71,"(99, 54)",-1
71,"(99, 57)",-1
71,"(99, 58)",51
71,"(99, 59)",51
71,"(99, 60)",50
71,"(99, 61)",51
71,"(99, 63)",-1
71,"(99, 68)",-1
71,"(99, 70)",-1
71,"(99, 71)",-1
71,"(99, 72)",-1
71,"(99, 73)",-1
71,"(99, 74)",-1
71,"(99, 76)",68
71,"(99, 77)",68
71,"(99, 78)",69
71,"(99, 80)",66
71,"(99, 81)",66
71,"(99, 82)",67
71,"(99, 84)",64
71,"(99, 85)",64
71,"(99, 86)",64
71,"(99, 87)",64
71,"(99, 89)",61
71,"(99, 91)",-1
71,"(99, 97)",-1
71,"(99, 99)",-1
